theta_deg,phi_deg,gain_dBi
0,0,6.0
0,5,6.0
0,10,6.0
0,15,6.0
0,20,6.0
0,25,6.0
0,30,6.0
0,35,6.0
0,40,6.0
0,45,6.0
0,50,6.0
0,55,6.0
0,60,6.0
0,65,6.0
0,70,6.0
0,75,6.0
0,80,6.0
0,85,6.0
0,90,6.0
0,95,6.0
0,100,6.0
0,105,6.0
0,110,6.0
0,115,6.0
0,120,6.0
0,125,6.0
0,130,6.0
0,135,6.0
0,140,6.0
0,145,6.0
0,150,6.0
0,155,6.0
0,160,6.0
0,165,6.0
0,170,6.0
0,175,6.0
0,180,6.0
0,185,6.0
0,190,6.0
0,195,6.0
0,200,6.0
0,205,6.0
0,210,6.0
0,215,6.0
0,220,6.0
0,225,6.0
0,230,6.0
0,235,6.0
0,240,6.0
0,245,6.0
0,250,6.0
0,255,6.0
0,260,6.0
0,265,6.0
0,270,6.0
0,275,6.0
0,280,6.0
0,285,6.0
0,290,6.0
0,295,6.0
0,300,6.0
0,305,6.0
0,310,6.0
0,315,6.0
0,320,6.0
0,325,6.0
0,330,6.0
0,335,6.0
0,340,6.0
0,345,6.0
0,350,6.0
0,355,6.0
0,360,6.0
2,0,5.989
2,5,5.989
2,10,5.989
2,15,5.989
2,20,5.989
2,25,5.989
2,30,5.989
2,35,5.989
2,40,5.989
2,45,5.989
2,50,5.989
2,55,5.989
2,60,5.989
2,65,5.989
2,70,5.989
2,75,5.989
2,80,5.989
2,85,5.989
2,90,5.989
2,95,5.989
2,100,5.989
2,105,5.989
2,110,5.989
2,115,5.989
2,120,5.989
2,125,5.989
2,130,5.989
2,135,5.989
2,140,5.989
2,145,5.989
2,150,5.989
2,155,5.989
2,160,5.989
2,165,5.989
2,170,5.989
2,175,5.989
2,180,5.989
2,185,5.989
2,190,5.989
2,195,5.989
2,200,5.989
2,205,5.989
2,210,5.989
2,215,5.989
2,220,5.989
2,225,5.989
2,230,5.989
2,235,5.989
2,240,5.989
2,245,5.989
2,250,5.989
2,255,5.989
2,260,5.989
2,265,5.989
2,270,5.989
2,275,5.989
2,280,5.989
2,285,5.989
2,290,5.989
2,295,5.989
2,300,5.989
2,305,5.989
2,310,5.989
2,315,5.989
2,320,5.989
2,325,5.989
2,330,5.989
2,335,5.989
2,340,5.989
2,345,5.989
2,350,5.989
2,355,5.989
2,360,5.989
4,0,5.955
4,5,5.955
4,10,5.955
4,15,5.955
4,20,5.955
4,25,5.955
4,30,5.955
4,35,5.955
4,40,5.955
4,45,5.955
4,50,5.955
4,55,5.955
4,60,5.955
4,65,5.955
4,70,5.955
4,75,5.955
4,80,5.955
4,85,5.955
4,90,5.955
4,95,5.955
4,100,5.955
4,105,5.955
4,110,5.955
4,115,5.955
4,120,5.955
4,125,5.955
4,130,5.955
4,135,5.955
4,140,5.955
4,145,5.955
4,150,5.955
4,155,5.955
4,160,5.955
4,165,5.955
4,170,5.955
4,175,5.955
4,180,5.955
4,185,5.955
4,190,5.955
4,195,5.955
4,200,5.955
4,205,5.955
4,210,5.955
4,215,5.955
4,220,5.955
4,225,5.955
4,230,5.955
4,235,5.955
4,240,5.955
4,245,5.955
4,250,5.955
4,255,5.955
4,260,5.955
4,265,5.955
4,270,5.955
4,275,5.955
4,280,5.955
4,285,5.955
4,290,5.955
4,295,5.955
4,300,5.955
4,305,5.955
4,310,5.955
4,315,5.955
4,320,5.955
4,325,5.955
4,330,5.955
4,335,5.955
4,340,5.955
4,345,5.955
4,350,5.955
4,355,5.955
4,360,5.955
6,0,5.898
6,5,5.898
6,10,5.898
6,15,5.898
6,20,5.898
6,25,5.898
6,30,5.898
6,35,5.898
6,40,5.898
6,45,5.898
6,50,5.898
6,55,5.898
6,60,5.898
6,65,5.898
6,70,5.898
6,75,5.898
6,80,5.898
6,85,5.898
6,90,5.898
6,95,5.898
6,100,5.898
6,105,5.898
6,110,5.898
6,115,5.898
6,120,5.898
6,125,5.898
6,130,5.898
6,135,5.898
6,140,5.898
6,145,5.898
6,150,5.898
6,155,5.898
6,160,5.898
6,165,5.898
6,170,5.898
6,175,5.898
6,180,5.898
6,185,5.898
6,190,5.898
6,195,5.898
6,200,5.898
6,205,5.898
6,210,5.898
6,215,5.898
6,220,5.898
6,225,5.898
6,230,5.898
6,235,5.898
6,240,5.898
6,245,5.898
6,250,5.898
6,255,5.898
6,260,5.898
6,265,5.898
6,270,5.898
6,275,5.898
6,280,5.898
6,285,5.898
6,290,5.898
6,295,5.898
6,300,5.898
6,305,5.898
6,310,5.898
6,315,5.898
6,320,5.898
6,325,5.898
6,330,5.898
6,335,5.898
6,340,5.898
6,345,5.898
6,350,5.898
6,355,5.898
6,360,5.898
8,0,5.818
8,5,5.818
8,10,5.818
8,15,5.818
8,20,5.818
8,25,5.818
8,30,5.818
8,35,5.818
8,40,5.818
8,45,5.818
8,50,5.818
8,55,5.818
8,60,5.818
8,65,5.818
8,70,5.818
8,75,5.818
8,80,5.818
8,85,5.818
8,90,5.818
8,95,5.818
8,100,5.818
8,105,5.818
8,110,5.818
8,115,5.818
8,120,5.818
8,125,5.818
8,130,5.818
8,135,5.818
8,140,5.818
8,145,5.818
8,150,5.818
8,155,5.818
8,160,5.818
8,165,5.818
8,170,5.818
8,175,5.818
8,180,5.818
8,185,5.818
8,190,5.818
8,195,5.818
8,200,5.818
8,205,5.818
8,210,5.818
8,215,5.818
8,220,5.818
8,225,5.818
8,230,5.818
8,235,5.818
8,240,5.818
8,245,5.818
8,250,5.818
8,255,5.818
8,260,5.818
8,265,5.818
8,270,5.818
8,275,5.818
8,280,5.818
8,285,5.818
8,290,5.818
8,295,5.818
8,300,5.818
8,305,5.818
8,310,5.818
8,315,5.818
8,320,5.818
8,325,5.818
8,330,5.818
8,335,5.818
8,340,5.818
8,345,5.818
8,350,5.818
8,355,5.818
8,360,5.818
10,0,5.716
10,5,5.716
10,10,5.716
10,15,5.716
10,20,5.716
10,25,5.716
10,30,5.716
10,35,5.716
10,40,5.716
10,45,5.716
10,50,5.716
10,55,5.716
10,60,5.716
10,65,5.716
10,70,5.716
10,75,5.716
10,80,5.716
10,85,5.716
10,90,5.716
10,95,5.716
10,100,5.716
10,105,5.716
10,110,5.716
10,115,5.716
10,120,5.716
10,125,5.716
10,130,5.716
10,135,5.716
10,140,5.716
10,145,5.716
10,150,5.716
10,155,5.716
10,160,5.716
10,165,5.716
10,170,5.716
10,175,5.716
10,180,5.716
10,185,5.716
10,190,5.716
10,195,5.716
10,200,5.716
10,205,5.716
10,210,5.716
10,215,5.716
10,220,5.716
10,225,5.716
10,230,5.716
10,235,5.716
10,240,5.716
10,245,5.716
10,250,5.716
10,255,5.716
10,260,5.716
10,265,5.716
10,270,5.716
10,275,5.716
10,280,5.716
10,285,5.716
10,290,5.716
10,295,5.716
10,300,5.716
10,305,5.716
10,310,5.716
10,315,5.716
10,320,5.716
10,325,5.716
10,330,5.716
10,335,5.716
10,340,5.716
10,345,5.716
10,350,5.716
10,355,5.716
10,360,5.716
12,0,5.591
12,5,5.591
12,10,5.591
12,15,5.591
12,20,5.591
12,25,5.591
12,30,5.591
12,35,5.591
12,40,5.591
12,45,5.591
12,50,5.591
12,55,5.591
12,60,5.591
12,65,5.591
12,70,5.591
12,75,5.591
12,80,5.591
12,85,5.591
12,90,5.591
12,95,5.591
12,100,5.591
12,105,5.591
12,110,5.591
12,115,5.591
12,120,5.591
12,125,5.591
12,130,5.591
12,135,5.591
12,140,5.591
12,145,5.591
12,150,5.591
12,155,5.591
12,160,5.591
12,165,5.591
12,170,5.591
12,175,5.591
12,180,5.591
12,185,5.591
12,190,5.591
12,195,5.591
12,200,5.591
12,205,5.591
12,210,5.591
12,215,5.591
12,220,5.591
12,225,5.591
12,230,5.591
12,235,5.591
12,240,5.591
12,245,5.591
12,250,5.591
12,255,5.591
12,260,5.591
12,265,5.591
12,270,5.591
12,275,5.591
12,280,5.591
12,285,5.591
12,290,5.591
12,295,5.591
12,300,5.591
12,305,5.591
12,310,5.591
12,315,5.591
12,320,5.591
12,325,5.591
12,330,5.591
12,335,5.591
12,340,5.591
12,345,5.591
12,350,5.591
12,355,5.591
12,360,5.591
14,0,5.443
14,5,5.443
14,10,5.443
14,15,5.443
14,20,5.443
14,25,5.443
14,30,5.443
14,35,5.443
14,40,5.443
14,45,5.443
14,50,5.443
14,55,5.443
14,60,5.443
14,65,5.443
14,70,5.443
14,75,5.443
14,80,5.443
14,85,5.443
14,90,5.443
14,95,5.443
14,100,5.443
14,105,5.443
14,110,5.443
14,115,5.443
14,120,5.443
14,125,5.443
14,130,5.443
14,135,5.443
14,140,5.443
14,145,5.443
14,150,5.443
14,155,5.443
14,160,5.443
14,165,5.443
14,170,5.443
14,175,5.443
14,180,5.443
14,185,5.443
14,190,5.443
14,195,5.443
14,200,5.443
14,205,5.443
14,210,5.443
14,215,5.443
14,220,5.443
14,225,5.443
14,230,5.443
14,235,5.443
14,240,5.443
14,245,5.443
14,250,5.443
14,255,5.443
14,260,5.443
14,265,5.443
14,270,5.443
14,275,5.443
14,280,5.443
14,285,5.443
14,290,5.443
14,295,5.443
14,300,5.443
14,305,5.443
14,310,5.443
14,315,5.443
14,320,5.443
14,325,5.443
14,330,5.443
14,335,5.443
14,340,5.443
14,345,5.443
14,350,5.443
14,355,5.443
14,360,5.443
16,0,5.273
16,5,5.273
16,10,5.273
16,15,5.273
16,20,5.273
16,25,5.273
16,30,5.273
16,35,5.273
16,40,5.273
16,45,5.273
16,50,5.273
16,55,5.273
16,60,5.273
16,65,5.273
16,70,5.273
16,75,5.273
16,80,5.273
16,85,5.273
16,90,5.273
16,95,5.273
16,100,5.273
16,105,5.273
16,110,5.273
16,115,5.273
16,120,5.273
16,125,5.273
16,130,5.273
16,135,5.273
16,140,5.273
16,145,5.273
16,150,5.273
16,155,5.273
16,160,5.273
16,165,5.273
16,170,5.273
16,175,5.273
16,180,5.273
16,185,5.273
16,190,5.273
16,195,5.273
16,200,5.273
16,205,5.273
16,210,5.273
16,215,5.273
16,220,5.273
16,225,5.273
16,230,5.273
16,235,5.273
16,240,5.273
16,245,5.273
16,250,5.273
16,255,5.273
16,260,5.273
16,265,5.273
16,270,5.273
16,275,5.273
16,280,5.273
16,285,5.273
16,290,5.273
16,295,5.273
16,300,5.273
16,305,5.273
16,310,5.273
16,315,5.273
16,320,5.273
16,325,5.273
16,330,5.273
16,335,5.273
16,340,5.273
16,345,5.273
16,350,5.273
16,355,5.273
16,360,5.273
18,0,5.08
18,5,5.08
18,10,5.08
18,15,5.08
18,20,5.08
18,25,5.08
18,30,5.08
18,35,5.08
18,40,5.08
18,45,5.08
18,50,5.08
18,55,5.08
18,60,5.08
18,65,5.08
18,70,5.08
18,75,5.08
18,80,5.08
18,85,5.08
18,90,5.08
18,95,5.08
18,100,5.08
18,105,5.08
18,110,5.08
18,115,5.08
18,120,5.08
18,125,5.08
18,130,5.08
18,135,5.08
18,140,5.08
18,145,5.08
18,150,5.08
18,155,5.08
18,160,5.08
18,165,5.08
18,170,5.08
18,175,5.08
18,180,5.08
18,185,5.08
18,190,5.08
18,195,5.08
18,200,5.08
18,205,5.08
18,210,5.08
18,215,5.08
18,220,5.08
18,225,5.08
18,230,5.08
18,235,5.08
18,240,5.08
18,245,5.08
18,250,5.08
18,255,5.08
18,260,5.08
18,265,5.08
18,270,5.08
18,275,5.08
18,280,5.08
18,285,5.08
18,290,5.08
18,295,5.08
18,300,5.08
18,305,5.08
18,310,5.08
18,315,5.08
18,320,5.08
18,325,5.08
18,330,5.08
18,335,5.08
18,340,5.08
18,345,5.08
18,350,5.08
18,355,5.08
18,360,5.08
20,0,4.864
20,5,4.864
20,10,4.864
20,15,4.864
20,20,4.864
20,25,4.864
20,30,4.864
20,35,4.864
20,40,4.864
20,45,4.864
20,50,4.864
20,55,4.864
20,60,4.864
20,65,4.864
20,70,4.864
20,75,4.864
20,80,4.864
20,85,4.864
20,90,4.864
20,95,4.864
20,100,4.864
20,105,4.864
20,110,4.864
20,115,4.864
20,120,4.864
20,125,4.864
20,130,4.864
20,135,4.864
20,140,4.864
20,145,4.864
20,150,4.864
20,155,4.864
20,160,4.864
20,165,4.864
20,170,4.864
20,175,4.864
20,180,4.864
20,185,4.864
20,190,4.864
20,195,4.864
20,200,4.864
20,205,4.864
20,210,4.864
20,215,4.864
20,220,4.864
20,225,4.864
20,230,4.864
20,235,4.864
20,240,4.864
20,245,4.864
20,250,4.864
20,255,4.864
20,260,4.864
20,265,4.864
20,270,4.864
20,275,4.864
20,280,4.864
20,285,4.864
20,290,4.864
20,295,4.864
20,300,4.864
20,305,4.864
20,310,4.864
20,315,4.864
20,320,4.864
20,325,4.864
20,330,4.864
20,335,4.864
20,340,4.864
20,345,4.864
20,350,4.864
20,355,4.864
20,360,4.864
22,0,4.625
22,5,4.625
22,10,4.625
22,15,4.625
22,20,4.625
22,25,4.625
22,30,4.625
22,35,4.625
22,40,4.625
22,45,4.625
22,50,4.625
22,55,4.625
22,60,4.625
22,65,4.625
22,70,4.625
22,75,4.625
22,80,4.625
22,85,4.625
22,90,4.625
22,95,4.625
22,100,4.625
22,105,4.625
22,110,4.625
22,115,4.625
22,120,4.625
22,125,4.625
22,130,4.625
22,135,4.625
22,140,4.625
22,145,4.625
22,150,4.625
22,155,4.625
22,160,4.625
22,165,4.625
22,170,4.625
22,175,4.625
22,180,4.625
22,185,4.625
22,190,4.625
22,195,4.625
22,200,4.625
22,205,4.625
22,210,4.625
22,215,4.625
22,220,4.625
22,225,4.625
22,230,4.625
22,235,4.625
22,240,4.625
22,245,4.625
22,250,4.625
22,255,4.625
22,260,4.625
22,265,4.625
22,270,4.625
22,275,4.625
22,280,4.625
22,285,4.625
22,290,4.625
22,295,4.625
22,300,4.625
22,305,4.625
22,310,4.625
22,315,4.625
22,320,4.625
22,325,4.625
22,330,4.625
22,335,4.625
22,340,4.625
22,345,4.625
22,350,4.625
22,355,4.625
22,360,4.625
24,0,4.364
24,5,4.364
24,10,4.364
24,15,4.364
24,20,4.364
24,25,4.364
24,30,4.364
24,35,4.364
24,40,4.364
24,45,4.364
24,50,4.364
24,55,4.364
24,60,4.364
24,65,4.364
24,70,4.364
24,75,4.364
24,80,4.364
24,85,4.364
24,90,4.364
24,95,4.364
24,100,4.364
24,105,4.364
24,110,4.364
24,115,4.364
24,120,4.364
24,125,4.364
24,130,4.364
24,135,4.364
24,140,4.364
24,145,4.364
24,150,4.364
24,155,4.364
24,160,4.364
24,165,4.364
24,170,4.364
24,175,4.364
24,180,4.364
24,185,4.364
24,190,4.364
24,195,4.364
24,200,4.364
24,205,4.364
24,210,4.364
24,215,4.364
24,220,4.364
24,225,4.364
24,230,4.364
24,235,4.364
24,240,4.364
24,245,4.364
24,250,4.364
24,255,4.364
24,260,4.364
24,265,4.364
24,270,4.364
24,275,4.364
24,280,4.364
24,285,4.364
24,290,4.364
24,295,4.364
24,300,4.364
24,305,4.364
24,310,4.364
24,315,4.364
24,320,4.364
24,325,4.364
24,330,4.364
24,335,4.364
24,340,4.364
24,345,4.364
24,350,4.364
24,355,4.364
24,360,4.364
26,0,4.08
26,5,4.08
26,10,4.08
26,15,4.08
26,20,4.08
26,25,4.08
26,30,4.08
26,35,4.08
26,40,4.08
26,45,4.08
26,50,4.08
26,55,4.08
26,60,4.08
26,65,4.08
26,70,4.08
26,75,4.08
26,80,4.08
26,85,4.08
26,90,4.08
26,95,4.08
26,100,4.08
26,105,4.08
26,110,4.08
26,115,4.08
26,120,4.08
26,125,4.08
26,130,4.08
26,135,4.08
26,140,4.08
26,145,4.08
26,150,4.08
26,155,4.08
26,160,4.08
26,165,4.08
26,170,4.08
26,175,4.08
26,180,4.08
26,185,4.08
26,190,4.08
26,195,4.08
26,200,4.08
26,205,4.08
26,210,4.08
26,215,4.08
26,220,4.08
26,225,4.08
26,230,4.08
26,235,4.08
26,240,4.08
26,245,4.08
26,250,4.08
26,255,4.08
26,260,4.08
26,265,4.08
26,270,4.08
26,275,4.08
26,280,4.08
26,285,4.08
26,290,4.08
26,295,4.08
26,300,4.08
26,305,4.08
26,310,4.08
26,315,4.08
26,320,4.08
26,325,4.08
26,330,4.08
26,335,4.08
26,340,4.08
26,345,4.08
26,350,4.08
26,355,4.08
26,360,4.08
28,0,3.773
28,5,3.773
28,10,3.773
28,15,3.773
28,20,3.773
28,25,3.773
28,30,3.773
28,35,3.773
28,40,3.773
28,45,3.773
28,50,3.773
28,55,3.773
28,60,3.773
28,65,3.773
28,70,3.773
28,75,3.773
28,80,3.773
28,85,3.773
28,90,3.773
28,95,3.773
28,100,3.773
28,105,3.773
28,110,3.773
28,115,3.773
28,120,3.773
28,125,3.773
28,130,3.773
28,135,3.773
28,140,3.773
28,145,3.773
28,150,3.773
28,155,3.773
28,160,3.773
28,165,3.773
28,170,3.773
28,175,3.773
28,180,3.773
28,185,3.773
28,190,3.773
28,195,3.773
28,200,3.773
28,205,3.773
28,210,3.773
28,215,3.773
28,220,3.773
28,225,3.773
28,230,3.773
28,235,3.773
28,240,3.773
28,245,3.773
28,250,3.773
28,255,3.773
28,260,3.773
28,265,3.773
28,270,3.773
28,275,3.773
28,280,3.773
28,285,3.773
28,290,3.773
28,295,3.773
28,300,3.773
28,305,3.773
28,310,3.773
28,315,3.773
28,320,3.773
28,325,3.773
28,330,3.773
28,335,3.773
28,340,3.773
28,345,3.773
28,350,3.773
28,355,3.773
28,360,3.773
30,0,3.444
30,5,3.444
30,10,3.444
30,15,3.444
30,20,3.444
30,25,3.444
30,30,3.444
30,35,3.444
30,40,3.444
30,45,3.444
30,50,3.444
30,55,3.444
30,60,3.444
30,65,3.444
30,70,3.444
30,75,3.444
30,80,3.444
30,85,3.444
30,90,3.444
30,95,3.444
30,100,3.444
30,105,3.444
30,110,3.444
30,115,3.444
30,120,3.444
30,125,3.444
30,130,3.444
30,135,3.444
30,140,3.444
30,145,3.444
30,150,3.444
30,155,3.444
30,160,3.444
30,165,3.444
30,170,3.444
30,175,3.444
30,180,3.444
30,185,3.444
30,190,3.444
30,195,3.444
30,200,3.444
30,205,3.444
30,210,3.444
30,215,3.444
30,220,3.444
30,225,3.444
30,230,3.444
30,235,3.444
30,240,3.444
30,245,3.444
30,250,3.444
30,255,3.444
30,260,3.444
30,265,3.444
30,270,3.444
30,275,3.444
30,280,3.444
30,285,3.444
30,290,3.444
30,295,3.444
30,300,3.444
30,305,3.444
30,310,3.444
30,315,3.444
30,320,3.444
30,325,3.444
30,330,3.444
30,335,3.444
30,340,3.444
30,345,3.444
30,350,3.444
30,355,3.444
30,360,3.444
32,0,3.092
32,5,3.092
32,10,3.092
32,15,3.092
32,20,3.092
32,25,3.092
32,30,3.092
32,35,3.092
32,40,3.092
32,45,3.092
32,50,3.092
32,55,3.092
32,60,3.092
32,65,3.092
32,70,3.092
32,75,3.092
32,80,3.092
32,85,3.092
32,90,3.092
32,95,3.092
32,100,3.092
32,105,3.092
32,110,3.092
32,115,3.092
32,120,3.092
32,125,3.092
32,130,3.092
32,135,3.092
32,140,3.092
32,145,3.092
32,150,3.092
32,155,3.092
32,160,3.092
32,165,3.092
32,170,3.092
32,175,3.092
32,180,3.092
32,185,3.092
32,190,3.092
32,195,3.092
32,200,3.092
32,205,3.092
32,210,3.092
32,215,3.092
32,220,3.092
32,225,3.092
32,230,3.092
32,235,3.092
32,240,3.092
32,245,3.092
32,250,3.092
32,255,3.092
32,260,3.092
32,265,3.092
32,270,3.092
32,275,3.092
32,280,3.092
32,285,3.092
32,290,3.092
32,295,3.092
32,300,3.092
32,305,3.092
32,310,3.092
32,315,3.092
32,320,3.092
32,325,3.092
32,330,3.092
32,335,3.092
32,340,3.092
32,345,3.092
32,350,3.092
32,355,3.092
32,360,3.092
34,0,2.717
34,5,2.717
34,10,2.717
34,15,2.717
34,20,2.717
34,25,2.717
34,30,2.717
34,35,2.717
34,40,2.717
34,45,2.717
34,50,2.717
34,55,2.717
34,60,2.717
34,65,2.717
34,70,2.717
34,75,2.717
34,80,2.717
34,85,2.717
34,90,2.717
34,95,2.717
34,100,2.717
34,105,2.717
34,110,2.717
34,115,2.717
34,120,2.717
34,125,2.717
34,130,2.717
34,135,2.717
34,140,2.717
34,145,2.717
34,150,2.717
34,155,2.717
34,160,2.717
34,165,2.717
34,170,2.717
34,175,2.717
34,180,2.717
34,185,2.717
34,190,2.717
34,195,2.717
34,200,2.717
34,205,2.717
34,210,2.717
34,215,2.717
34,220,2.717
34,225,2.717
34,230,2.717
34,235,2.717
34,240,2.717
34,245,2.717
34,250,2.717
34,255,2.717
34,260,2.717
34,265,2.717
34,270,2.717
34,275,2.717
34,280,2.717
34,285,2.717
34,290,2.717
34,295,2.717
34,300,2.717
34,305,2.717
34,310,2.717
34,315,2.717
34,320,2.717
34,325,2.717
34,330,2.717
34,335,2.717
34,340,2.717
34,345,2.717
34,350,2.717
34,355,2.717
34,360,2.717
36,0,2.319
36,5,2.319
36,10,2.319
36,15,2.319
36,20,2.319
36,25,2.319
36,30,2.319
36,35,2.319
36,40,2.319
36,45,2.319
36,50,2.319
36,55,2.319
36,60,2.319
36,65,2.319
36,70,2.319
36,75,2.319
36,80,2.319
36,85,2.319
36,90,2.319
36,95,2.319
36,100,2.319
36,105,2.319
36,110,2.319
36,115,2.319
36,120,2.319
36,125,2.319
36,130,2.319
36,135,2.319
36,140,2.319
36,145,2.319
36,150,2.319
36,155,2.319
36,160,2.319
36,165,2.319
36,170,2.319
36,175,2.319
36,180,2.319
36,185,2.319
36,190,2.319
36,195,2.319
36,200,2.319
36,205,2.319
36,210,2.319
36,215,2.319
36,220,2.319
36,225,2.319
36,230,2.319
36,235,2.319
36,240,2.319
36,245,2.319
36,250,2.319
36,255,2.319
36,260,2.319
36,265,2.319
36,270,2.319
36,275,2.319
36,280,2.319
36,285,2.319
36,290,2.319
36,295,2.319
36,300,2.319
36,305,2.319
36,310,2.319
36,315,2.319
36,320,2.319
36,325,2.319
36,330,2.319
36,335,2.319
36,340,2.319
36,345,2.319
36,350,2.319
36,355,2.319
36,360,2.319
38,0,1.899
38,5,1.899
38,10,1.899
38,15,1.899
38,20,1.899
38,25,1.899
38,30,1.899
38,35,1.899
38,40,1.899
38,45,1.899
38,50,1.899
38,55,1.899
38,60,1.899
38,65,1.899
38,70,1.899
38,75,1.899
38,80,1.899
38,85,1.899
38,90,1.899
38,95,1.899
38,100,1.899
38,105,1.899
38,110,1.899
38,115,1.899
38,120,1.899
38,125,1.899
38,130,1.899
38,135,1.899
38,140,1.899
38,145,1.899
38,150,1.899
38,155,1.899
38,160,1.899
38,165,1.899
38,170,1.899
38,175,1.899
38,180,1.899
38,185,1.899
38,190,1.899
38,195,1.899
38,200,1.899
38,205,1.899
38,210,1.899
38,215,1.899
38,220,1.899
38,225,1.899
38,230,1.899
38,235,1.899
38,240,1.899
38,245,1.899
38,250,1.899
38,255,1.899
38,260,1.899
38,265,1.899
38,270,1.899
38,275,1.899
38,280,1.899
38,285,1.899
38,290,1.899
38,295,1.899
38,300,1.899
38,305,1.899
38,310,1.899
38,315,1.899
38,320,1.899
38,325,1.899
38,330,1.899
38,335,1.899
38,340,1.899
38,345,1.899
38,350,1.899
38,355,1.899
38,360,1.899
40,0,1.456
40,5,1.456
40,10,1.456
40,15,1.456
40,20,1.456
40,25,1.456
40,30,1.456
40,35,1.456
40,40,1.456
40,45,1.456
40,50,1.456
40,55,1.456
40,60,1.456
40,65,1.456
40,70,1.456
40,75,1.456
40,80,1.456
40,85,1.456
40,90,1.456
40,95,1.456
40,100,1.456
40,105,1.456
40,110,1.456
40,115,1.456
40,120,1.456
40,125,1.456
40,130,1.456
40,135,1.456
40,140,1.456
40,145,1.456
40,150,1.456
40,155,1.456
40,160,1.456
40,165,1.456
40,170,1.456
40,175,1.456
40,180,1.456
40,185,1.456
40,190,1.456
40,195,1.456
40,200,1.456
40,205,1.456
40,210,1.456
40,215,1.456
40,220,1.456
40,225,1.456
40,230,1.456
40,235,1.456
40,240,1.456
40,245,1.456
40,250,1.456
40,255,1.456
40,260,1.456
40,265,1.456
40,270,1.456
40,275,1.456
40,280,1.456
40,285,1.456
40,290,1.456
40,295,1.456
40,300,1.456
40,305,1.456
40,310,1.456
40,315,1.456
40,320,1.456
40,325,1.456
40,330,1.456
40,335,1.456
40,340,1.456
40,345,1.456
40,350,1.456
40,355,1.456
40,360,1.456
42,0,0.99
42,5,0.99
42,10,0.99
42,15,0.99
42,20,0.99
42,25,0.99
42,30,0.99
42,35,0.99
42,40,0.99
42,45,0.99
42,50,0.99
42,55,0.99
42,60,0.99
42,65,0.99
42,70,0.99
42,75,0.99
42,80,0.99
42,85,0.99
42,90,0.99
42,95,0.99
42,100,0.99
42,105,0.99
42,110,0.99
42,115,0.99
42,120,0.99
42,125,0.99
42,130,0.99
42,135,0.99
42,140,0.99
42,145,0.99
42,150,0.99
42,155,0.99
42,160,0.99
42,165,0.99
42,170,0.99
42,175,0.99
42,180,0.99
42,185,0.99
42,190,0.99
42,195,0.99
42,200,0.99
42,205,0.99
42,210,0.99
42,215,0.99
42,220,0.99
42,225,0.99
42,230,0.99
42,235,0.99
42,240,0.99
42,245,0.99
42,250,0.99
42,255,0.99
42,260,0.99
42,265,0.99
42,270,0.99
42,275,0.99
42,280,0.99
42,285,0.99
42,290,0.99
42,295,0.99
42,300,0.99
42,305,0.99
42,310,0.99
42,315,0.99
42,320,0.99
42,325,0.99
42,330,0.99
42,335,0.99
42,340,0.99
42,345,0.99
42,350,0.99
42,355,0.99
42,360,0.99
44,0,0.501
44,5,0.501
44,10,0.501
44,15,0.501
44,20,0.501
44,25,0.501
44,30,0.501
44,35,0.501
44,40,0.501
44,45,0.501
44,50,0.501
44,55,0.501
44,60,0.501
44,65,0.501
44,70,0.501
44,75,0.501
44,80,0.501
44,85,0.501
44,90,0.501
44,95,0.501
44,100,0.501
44,105,0.501
44,110,0.501
44,115,0.501
44,120,0.501
44,125,0.501
44,130,0.501
44,135,0.501
44,140,0.501
44,145,0.501
44,150,0.501
44,155,0.501
44,160,0.501
44,165,0.501
44,170,0.501
44,175,0.501
44,180,0.501
44,185,0.501
44,190,0.501
44,195,0.501
44,200,0.501
44,205,0.501
44,210,0.501
44,215,0.501
44,220,0.501
44,225,0.501
44,230,0.501
44,235,0.501
44,240,0.501
44,245,0.501
44,250,0.501
44,255,0.501
44,260,0.501
44,265,0.501
44,270,0.501
44,275,0.501
44,280,0.501
44,285,0.501
44,290,0.501
44,295,0.501
44,300,0.501
44,305,0.501
44,310,0.501
44,315,0.501
44,320,0.501
44,325,0.501
44,330,0.501
44,335,0.501
44,340,0.501
44,345,0.501
44,350,0.501
44,355,0.501
44,360,0.501
46,0,-0.01
46,5,-0.01
46,10,-0.01
46,15,-0.01
46,20,-0.01
46,25,-0.01
46,30,-0.01
46,35,-0.01
46,40,-0.01
46,45,-0.01
46,50,-0.01
46,55,-0.01
46,60,-0.01
46,65,-0.01
46,70,-0.01
46,75,-0.01
46,80,-0.01
46,85,-0.01
46,90,-0.01
46,95,-0.01
46,100,-0.01
46,105,-0.01
46,110,-0.01
46,115,-0.01
46,120,-0.01
46,125,-0.01
46,130,-0.01
46,135,-0.01
46,140,-0.01
46,145,-0.01
46,150,-0.01
46,155,-0.01
46,160,-0.01
46,165,-0.01
46,170,-0.01
46,175,-0.01
46,180,-0.01
46,185,-0.01
46,190,-0.01
46,195,-0.01
46,200,-0.01
46,205,-0.01
46,210,-0.01
46,215,-0.01
46,220,-0.01
46,225,-0.01
46,230,-0.01
46,235,-0.01
46,240,-0.01
46,245,-0.01
46,250,-0.01
46,255,-0.01
46,260,-0.01
46,265,-0.01
46,270,-0.01
46,275,-0.01
46,280,-0.01
46,285,-0.01
46,290,-0.01
46,295,-0.01
46,300,-0.01
46,305,-0.01
46,310,-0.01
46,315,-0.01
46,320,-0.01
46,325,-0.01
46,330,-0.01
46,335,-0.01
46,340,-0.01
46,345,-0.01
46,350,-0.01
46,355,-0.01
46,360,-0.01
48,0,-0.544
48,5,-0.544
48,10,-0.544
48,15,-0.544
48,20,-0.544
48,25,-0.544
48,30,-0.544
48,35,-0.544
48,40,-0.544
48,45,-0.544
48,50,-0.544
48,55,-0.544
48,60,-0.544
48,65,-0.544
48,70,-0.544
48,75,-0.544
48,80,-0.544
48,85,-0.544
48,90,-0.544
48,95,-0.544
48,100,-0.544
48,105,-0.544
48,110,-0.544
48,115,-0.544
48,120,-0.544
48,125,-0.544
48,130,-0.544
48,135,-0.544
48,140,-0.544
48,145,-0.544
48,150,-0.544
48,155,-0.544
48,160,-0.544
48,165,-0.544
48,170,-0.544
48,175,-0.544
48,180,-0.544
48,185,-0.544
48,190,-0.544
48,195,-0.544
48,200,-0.544
48,205,-0.544
48,210,-0.544
48,215,-0.544
48,220,-0.544
48,225,-0.544
48,230,-0.544
48,235,-0.544
48,240,-0.544
48,245,-0.544
48,250,-0.544
48,255,-0.544
48,260,-0.544
48,265,-0.544
48,270,-0.544
48,275,-0.544
48,280,-0.544
48,285,-0.544
48,290,-0.544
48,295,-0.544
48,300,-0.544
48,305,-0.544
48,310,-0.544
48,315,-0.544
48,320,-0.544
48,325,-0.544
48,330,-0.544
48,335,-0.544
48,340,-0.544
48,345,-0.544
48,350,-0.544
48,355,-0.544
48,360,-0.544
50,0,-1.101
50,5,-1.101
50,10,-1.101
50,15,-1.101
50,20,-1.101
50,25,-1.101
50,30,-1.101
50,35,-1.101
50,40,-1.101
50,45,-1.101
50,50,-1.101
50,55,-1.101
50,60,-1.101
50,65,-1.101
50,70,-1.101
50,75,-1.101
50,80,-1.101
50,85,-1.101
50,90,-1.101
50,95,-1.101
50,100,-1.101
50,105,-1.101
50,110,-1.101
50,115,-1.101
50,120,-1.101
50,125,-1.101
50,130,-1.101
50,135,-1.101
50,140,-1.101
50,145,-1.101
50,150,-1.101
50,155,-1.101
50,160,-1.101
50,165,-1.101
50,170,-1.101
50,175,-1.101
50,180,-1.101
50,185,-1.101
50,190,-1.101
50,195,-1.101
50,200,-1.101
50,205,-1.101
50,210,-1.101
50,215,-1.101
50,220,-1.101
50,225,-1.101
50,230,-1.101
50,235,-1.101
50,240,-1.101
50,245,-1.101
50,250,-1.101
50,255,-1.101
50,260,-1.101
50,265,-1.101
50,270,-1.101
50,275,-1.101
50,280,-1.101
50,285,-1.101
50,290,-1.101
50,295,-1.101
50,300,-1.101
50,305,-1.101
50,310,-1.101
50,315,-1.101
50,320,-1.101
50,325,-1.101
50,330,-1.101
50,335,-1.101
50,340,-1.101
50,345,-1.101
50,350,-1.101
50,355,-1.101
50,360,-1.101
52,0,-1.68
52,5,-1.68
52,10,-1.68
52,15,-1.68
52,20,-1.68
52,25,-1.68
52,30,-1.68
52,35,-1.68
52,40,-1.68
52,45,-1.68
52,50,-1.68
52,55,-1.68
52,60,-1.68
52,65,-1.68
52,70,-1.68
52,75,-1.68
52,80,-1.68
52,85,-1.68
52,90,-1.68
52,95,-1.68
52,100,-1.68
52,105,-1.68
52,110,-1.68
52,115,-1.68
52,120,-1.68
52,125,-1.68
52,130,-1.68
52,135,-1.68
52,140,-1.68
52,145,-1.68
52,150,-1.68
52,155,-1.68
52,160,-1.68
52,165,-1.68
52,170,-1.68
52,175,-1.68
52,180,-1.68
52,185,-1.68
52,190,-1.68
52,195,-1.68
52,200,-1.68
52,205,-1.68
52,210,-1.68
52,215,-1.68
52,220,-1.68
52,225,-1.68
52,230,-1.68
52,235,-1.68
52,240,-1.68
52,245,-1.68
52,250,-1.68
52,255,-1.68
52,260,-1.68
52,265,-1.68
52,270,-1.68
52,275,-1.68
52,280,-1.68
52,285,-1.68
52,290,-1.68
52,295,-1.68
52,300,-1.68
52,305,-1.68
52,310,-1.68
52,315,-1.68
52,320,-1.68
52,325,-1.68
52,330,-1.68
52,335,-1.68
52,340,-1.68
52,345,-1.68
52,350,-1.68
52,355,-1.68
52,360,-1.68
54,0,-2.282
54,5,-2.282
54,10,-2.282
54,15,-2.282
54,20,-2.282
54,25,-2.282
54,30,-2.282
54,35,-2.282
54,40,-2.282
54,45,-2.282
54,50,-2.282
54,55,-2.282
54,60,-2.282
54,65,-2.282
54,70,-2.282
54,75,-2.282
54,80,-2.282
54,85,-2.282
54,90,-2.282
54,95,-2.282
54,100,-2.282
54,105,-2.282
54,110,-2.282
54,115,-2.282
54,120,-2.282
54,125,-2.282
54,130,-2.282
54,135,-2.282
54,140,-2.282
54,145,-2.282
54,150,-2.282
54,155,-2.282
54,160,-2.282
54,165,-2.282
54,170,-2.282
54,175,-2.282
54,180,-2.282
54,185,-2.282
54,190,-2.282
54,195,-2.282
54,200,-2.282
54,205,-2.282
54,210,-2.282
54,215,-2.282
54,220,-2.282
54,225,-2.282
54,230,-2.282
54,235,-2.282
54,240,-2.282
54,245,-2.282
54,250,-2.282
54,255,-2.282
54,260,-2.282
54,265,-2.282
54,270,-2.282
54,275,-2.282
54,280,-2.282
54,285,-2.282
54,290,-2.282
54,295,-2.282
54,300,-2.282
54,305,-2.282
54,310,-2.282
54,315,-2.282
54,320,-2.282
54,325,-2.282
54,330,-2.282
54,335,-2.282
54,340,-2.282
54,345,-2.282
54,350,-2.282
54,355,-2.282
54,360,-2.282
56,0,-2.907
56,5,-2.907
56,10,-2.907
56,15,-2.907
56,20,-2.907
56,25,-2.907
56,30,-2.907
56,35,-2.907
56,40,-2.907
56,45,-2.907
56,50,-2.907
56,55,-2.907
56,60,-2.907
56,65,-2.907
56,70,-2.907
56,75,-2.907
56,80,-2.907
56,85,-2.907
56,90,-2.907
56,95,-2.907
56,100,-2.907
56,105,-2.907
56,110,-2.907
56,115,-2.907
56,120,-2.907
56,125,-2.907
56,130,-2.907
56,135,-2.907
56,140,-2.907
56,145,-2.907
56,150,-2.907
56,155,-2.907
56,160,-2.907
56,165,-2.907
56,170,-2.907
56,175,-2.907
56,180,-2.907
56,185,-2.907
56,190,-2.907
56,195,-2.907
56,200,-2.907
56,205,-2.907
56,210,-2.907
56,215,-2.907
56,220,-2.907
56,225,-2.907
56,230,-2.907
56,235,-2.907
56,240,-2.907
56,245,-2.907
56,250,-2.907
56,255,-2.907
56,260,-2.907
56,265,-2.907
56,270,-2.907
56,275,-2.907
56,280,-2.907
56,285,-2.907
56,290,-2.907
56,295,-2.907
56,300,-2.907
56,305,-2.907
56,310,-2.907
56,315,-2.907
56,320,-2.907
56,325,-2.907
56,330,-2.907
56,335,-2.907
56,340,-2.907
56,345,-2.907
56,350,-2.907
56,355,-2.907
56,360,-2.907
58,0,-3.555
58,5,-3.555
58,10,-3.555
58,15,-3.555
58,20,-3.555
58,25,-3.555
58,30,-3.555
58,35,-3.555
58,40,-3.555
58,45,-3.555
58,50,-3.555
58,55,-3.555
58,60,-3.555
58,65,-3.555
58,70,-3.555
58,75,-3.555
58,80,-3.555
58,85,-3.555
58,90,-3.555
58,95,-3.555
58,100,-3.555
58,105,-3.555
58,110,-3.555
58,115,-3.555
58,120,-3.555
58,125,-3.555
58,130,-3.555
58,135,-3.555
58,140,-3.555
58,145,-3.555
58,150,-3.555
58,155,-3.555
58,160,-3.555
58,165,-3.555
58,170,-3.555
58,175,-3.555
58,180,-3.555
58,185,-3.555
58,190,-3.555
58,195,-3.555
58,200,-3.555
58,205,-3.555
58,210,-3.555
58,215,-3.555
58,220,-3.555
58,225,-3.555
58,230,-3.555
58,235,-3.555
58,240,-3.555
58,245,-3.555
58,250,-3.555
58,255,-3.555
58,260,-3.555
58,265,-3.555
58,270,-3.555
58,275,-3.555
58,280,-3.555
58,285,-3.555
58,290,-3.555
58,295,-3.555
58,300,-3.555
58,305,-3.555
58,310,-3.555
58,315,-3.555
58,320,-3.555
58,325,-3.555
58,330,-3.555
58,335,-3.555
58,340,-3.555
58,345,-3.555
58,350,-3.555
58,355,-3.555
58,360,-3.555
60,0,-4.225
60,5,-4.225
60,10,-4.225
60,15,-4.225
60,20,-4.225
60,25,-4.225
60,30,-4.225
60,35,-4.225
60,40,-4.225
60,45,-4.225
60,50,-4.225
60,55,-4.225
60,60,-4.225
60,65,-4.225
60,70,-4.225
60,75,-4.225
60,80,-4.225
60,85,-4.225
60,90,-4.225
60,95,-4.225
60,100,-4.225
60,105,-4.225
60,110,-4.225
60,115,-4.225
60,120,-4.225
60,125,-4.225
60,130,-4.225
60,135,-4.225
60,140,-4.225
60,145,-4.225
60,150,-4.225
60,155,-4.225
60,160,-4.225
60,165,-4.225
60,170,-4.225
60,175,-4.225
60,180,-4.225
60,185,-4.225
60,190,-4.225
60,195,-4.225
60,200,-4.225
60,205,-4.225
60,210,-4.225
60,215,-4.225
60,220,-4.225
60,225,-4.225
60,230,-4.225
60,235,-4.225
60,240,-4.225
60,245,-4.225
60,250,-4.225
60,255,-4.225
60,260,-4.225
60,265,-4.225
60,270,-4.225
60,275,-4.225
60,280,-4.225
60,285,-4.225
60,290,-4.225
60,295,-4.225
60,300,-4.225
60,305,-4.225
60,310,-4.225
60,315,-4.225
60,320,-4.225
60,325,-4.225
60,330,-4.225
60,335,-4.225
60,340,-4.225
60,345,-4.225
60,350,-4.225
60,355,-4.225
60,360,-4.225
62,0,-4.918
62,5,-4.918
62,10,-4.918
62,15,-4.918
62,20,-4.918
62,25,-4.918
62,30,-4.918
62,35,-4.918
62,40,-4.918
62,45,-4.918
62,50,-4.918
62,55,-4.918
62,60,-4.918
62,65,-4.918
62,70,-4.918
62,75,-4.918
62,80,-4.918
62,85,-4.918
62,90,-4.918
62,95,-4.918
62,100,-4.918
62,105,-4.918
62,110,-4.918
62,115,-4.918
62,120,-4.918
62,125,-4.918
62,130,-4.918
62,135,-4.918
62,140,-4.918
62,145,-4.918
62,150,-4.918
62,155,-4.918
62,160,-4.918
62,165,-4.918
62,170,-4.918
62,175,-4.918
62,180,-4.918
62,185,-4.918
62,190,-4.918
62,195,-4.918
62,200,-4.918
62,205,-4.918
62,210,-4.918
62,215,-4.918
62,220,-4.918
62,225,-4.918
62,230,-4.918
62,235,-4.918
62,240,-4.918
62,245,-4.918
62,250,-4.918
62,255,-4.918
62,260,-4.918
62,265,-4.918
62,270,-4.918
62,275,-4.918
62,280,-4.918
62,285,-4.918
62,290,-4.918
62,295,-4.918
62,300,-4.918
62,305,-4.918
62,310,-4.918
62,315,-4.918
62,320,-4.918
62,325,-4.918
62,330,-4.918
62,335,-4.918
62,340,-4.918
62,345,-4.918
62,350,-4.918
62,355,-4.918
62,360,-4.918
64,0,-5.634
64,5,-5.634
64,10,-5.634
64,15,-5.634
64,20,-5.634
64,25,-5.634
64,30,-5.634
64,35,-5.634
64,40,-5.634
64,45,-5.634
64,50,-5.634
64,55,-5.634
64,60,-5.634
64,65,-5.634
64,70,-5.634
64,75,-5.634
64,80,-5.634
64,85,-5.634
64,90,-5.634
64,95,-5.634
64,100,-5.634
64,105,-5.634
64,110,-5.634
64,115,-5.634
64,120,-5.634
64,125,-5.634
64,130,-5.634
64,135,-5.634
64,140,-5.634
64,145,-5.634
64,150,-5.634
64,155,-5.634
64,160,-5.634
64,165,-5.634
64,170,-5.634
64,175,-5.634
64,180,-5.634
64,185,-5.634
64,190,-5.634
64,195,-5.634
64,200,-5.634
64,205,-5.634
64,210,-5.634
64,215,-5.634
64,220,-5.634
64,225,-5.634
64,230,-5.634
64,235,-5.634
64,240,-5.634
64,245,-5.634
64,250,-5.634
64,255,-5.634
64,260,-5.634
64,265,-5.634
64,270,-5.634
64,275,-5.634
64,280,-5.634
64,285,-5.634
64,290,-5.634
64,295,-5.634
64,300,-5.634
64,305,-5.634
64,310,-5.634
64,315,-5.634
64,320,-5.634
64,325,-5.634
64,330,-5.634
64,335,-5.634
64,340,-5.634
64,345,-5.634
64,350,-5.634
64,355,-5.634
64,360,-5.634
66,0,-6.372
66,5,-6.372
66,10,-6.372
66,15,-6.372
66,20,-6.372
66,25,-6.372
66,30,-6.372
66,35,-6.372
66,40,-6.372
66,45,-6.372
66,50,-6.372
66,55,-6.372
66,60,-6.372
66,65,-6.372
66,70,-6.372
66,75,-6.372
66,80,-6.372
66,85,-6.372
66,90,-6.372
66,95,-6.372
66,100,-6.372
66,105,-6.372
66,110,-6.372
66,115,-6.372
66,120,-6.372
66,125,-6.372
66,130,-6.372
66,135,-6.372
66,140,-6.372
66,145,-6.372
66,150,-6.372
66,155,-6.372
66,160,-6.372
66,165,-6.372
66,170,-6.372
66,175,-6.372
66,180,-6.372
66,185,-6.372
66,190,-6.372
66,195,-6.372
66,200,-6.372
66,205,-6.372
66,210,-6.372
66,215,-6.372
66,220,-6.372
66,225,-6.372
66,230,-6.372
66,235,-6.372
66,240,-6.372
66,245,-6.372
66,250,-6.372
66,255,-6.372
66,260,-6.372
66,265,-6.372
66,270,-6.372
66,275,-6.372
66,280,-6.372
66,285,-6.372
66,290,-6.372
66,295,-6.372
66,300,-6.372
66,305,-6.372
66,310,-6.372
66,315,-6.372
66,320,-6.372
66,325,-6.372
66,330,-6.372
66,335,-6.372
66,340,-6.372
66,345,-6.372
66,350,-6.372
66,355,-6.372
66,360,-6.372
68,0,-7.133
68,5,-7.133
68,10,-7.133
68,15,-7.133
68,20,-7.133
68,25,-7.133
68,30,-7.133
68,35,-7.133
68,40,-7.133
68,45,-7.133
68,50,-7.133
68,55,-7.133
68,60,-7.133
68,65,-7.133
68,70,-7.133
68,75,-7.133
68,80,-7.133
68,85,-7.133
68,90,-7.133
68,95,-7.133
68,100,-7.133
68,105,-7.133
68,110,-7.133
68,115,-7.133
68,120,-7.133
68,125,-7.133
68,130,-7.133
68,135,-7.133
68,140,-7.133
68,145,-7.133
68,150,-7.133
68,155,-7.133
68,160,-7.133
68,165,-7.133
68,170,-7.133
68,175,-7.133
68,180,-7.133
68,185,-7.133
68,190,-7.133
68,195,-7.133
68,200,-7.133
68,205,-7.133
68,210,-7.133
68,215,-7.133
68,220,-7.133
68,225,-7.133
68,230,-7.133
68,235,-7.133
68,240,-7.133
68,245,-7.133
68,250,-7.133
68,255,-7.133
68,260,-7.133
68,265,-7.133
68,270,-7.133
68,275,-7.133
68,280,-7.133
68,285,-7.133
68,290,-7.133
68,295,-7.133
68,300,-7.133
68,305,-7.133
68,310,-7.133
68,315,-7.133
68,320,-7.133
68,325,-7.133
68,330,-7.133
68,335,-7.133
68,340,-7.133
68,345,-7.133
68,350,-7.133
68,355,-7.133
68,360,-7.133
70,0,-7.917
70,5,-7.917
70,10,-7.917
70,15,-7.917
70,20,-7.917
70,25,-7.917
70,30,-7.917
70,35,-7.917
70,40,-7.917
70,45,-7.917
70,50,-7.917
70,55,-7.917
70,60,-7.917
70,65,-7.917
70,70,-7.917
70,75,-7.917
70,80,-7.917
70,85,-7.917
70,90,-7.917
70,95,-7.917
70,100,-7.917
70,105,-7.917
70,110,-7.917
70,115,-7.917
70,120,-7.917
70,125,-7.917
70,130,-7.917
70,135,-7.917
70,140,-7.917
70,145,-7.917
70,150,-7.917
70,155,-7.917
70,160,-7.917
70,165,-7.917
70,170,-7.917
70,175,-7.917
70,180,-7.917
70,185,-7.917
70,190,-7.917
70,195,-7.917
70,200,-7.917
70,205,-7.917
70,210,-7.917
70,215,-7.917
70,220,-7.917
70,225,-7.917
70,230,-7.917
70,235,-7.917
70,240,-7.917
70,245,-7.917
70,250,-7.917
70,255,-7.917
70,260,-7.917
70,265,-7.917
70,270,-7.917
70,275,-7.917
70,280,-7.917
70,285,-7.917
70,290,-7.917
70,295,-7.917
70,300,-7.917
70,305,-7.917
70,310,-7.917
70,315,-7.917
70,320,-7.917
70,325,-7.917
70,330,-7.917
70,335,-7.917
70,340,-7.917
70,345,-7.917
70,350,-7.917
70,355,-7.917
70,360,-7.917
72,0,-8.724
72,5,-8.724
72,10,-8.724
72,15,-8.724
72,20,-8.724
72,25,-8.724
72,30,-8.724
72,35,-8.724
72,40,-8.724
72,45,-8.724
72,50,-8.724
72,55,-8.724
72,60,-8.724
72,65,-8.724
72,70,-8.724
72,75,-8.724
72,80,-8.724
72,85,-8.724
72,90,-8.724
72,95,-8.724
72,100,-8.724
72,105,-8.724
72,110,-8.724
72,115,-8.724
72,120,-8.724
72,125,-8.724
72,130,-8.724
72,135,-8.724
72,140,-8.724
72,145,-8.724
72,150,-8.724
72,155,-8.724
72,160,-8.724
72,165,-8.724
72,170,-8.724
72,175,-8.724
72,180,-8.724
72,185,-8.724
72,190,-8.724
72,195,-8.724
72,200,-8.724
72,205,-8.724
72,210,-8.724
72,215,-8.724
72,220,-8.724
72,225,-8.724
72,230,-8.724
72,235,-8.724
72,240,-8.724
72,245,-8.724
72,250,-8.724
72,255,-8.724
72,260,-8.724
72,265,-8.724
72,270,-8.724
72,275,-8.724
72,280,-8.724
72,285,-8.724
72,290,-8.724
72,295,-8.724
72,300,-8.724
72,305,-8.724
72,310,-8.724
72,315,-8.724
72,320,-8.724
72,325,-8.724
72,330,-8.724
72,335,-8.724
72,340,-8.724
72,345,-8.724
72,350,-8.724
72,355,-8.724
72,360,-8.724
74,0,-9.553
74,5,-9.553
74,10,-9.553
74,15,-9.553
74,20,-9.553
74,25,-9.553
74,30,-9.553
74,35,-9.553
74,40,-9.553
74,45,-9.553
74,50,-9.553
74,55,-9.553
74,60,-9.553
74,65,-9.553
74,70,-9.553
74,75,-9.553
74,80,-9.553
74,85,-9.553
74,90,-9.553
74,95,-9.553
74,100,-9.553
74,105,-9.553
74,110,-9.553
74,115,-9.553
74,120,-9.553
74,125,-9.553
74,130,-9.553
74,135,-9.553
74,140,-9.553
74,145,-9.553
74,150,-9.553
74,155,-9.553
74,160,-9.553
74,165,-9.553
74,170,-9.553
74,175,-9.553
74,180,-9.553
74,185,-9.553
74,190,-9.553
74,195,-9.553
74,200,-9.553
74,205,-9.553
74,210,-9.553
74,215,-9.553
74,220,-9.553
74,225,-9.553
74,230,-9.553
74,235,-9.553
74,240,-9.553
74,245,-9.553
74,250,-9.553
74,255,-9.553
74,260,-9.553
74,265,-9.553
74,270,-9.553
74,275,-9.553
74,280,-9.553
74,285,-9.553
74,290,-9.553
74,295,-9.553
74,300,-9.553
74,305,-9.553
74,310,-9.553
74,315,-9.553
74,320,-9.553
74,325,-9.553
74,330,-9.553
74,335,-9.553
74,340,-9.553
74,345,-9.553
74,350,-9.553
74,355,-9.553
74,360,-9.553
76,0,-10.405
76,5,-10.405
76,10,-10.405
76,15,-10.405
76,20,-10.405
76,25,-10.405
76,30,-10.405
76,35,-10.405
76,40,-10.405
76,45,-10.405
76,50,-10.405
76,55,-10.405
76,60,-10.405
76,65,-10.405
76,70,-10.405
76,75,-10.405
76,80,-10.405
76,85,-10.405
76,90,-10.405
76,95,-10.405
76,100,-10.405
76,105,-10.405
76,110,-10.405
76,115,-10.405
76,120,-10.405
76,125,-10.405
76,130,-10.405
76,135,-10.405
76,140,-10.405
76,145,-10.405
76,150,-10.405
76,155,-10.405
76,160,-10.405
76,165,-10.405
76,170,-10.405
76,175,-10.405
76,180,-10.405
76,185,-10.405
76,190,-10.405
76,195,-10.405
76,200,-10.405
76,205,-10.405
76,210,-10.405
76,215,-10.405
76,220,-10.405
76,225,-10.405
76,230,-10.405
76,235,-10.405
76,240,-10.405
76,245,-10.405
76,250,-10.405
76,255,-10.405
76,260,-10.405
76,265,-10.405
76,270,-10.405
76,275,-10.405
76,280,-10.405
76,285,-10.405
76,290,-10.405
76,295,-10.405
76,300,-10.405
76,305,-10.405
76,310,-10.405
76,315,-10.405
76,320,-10.405
76,325,-10.405
76,330,-10.405
76,335,-10.405
76,340,-10.405
76,345,-10.405
76,350,-10.405
76,355,-10.405
76,360,-10.405
78,0,-11.28
78,5,-11.28
78,10,-11.28
78,15,-11.28
78,20,-11.28
78,25,-11.28
78,30,-11.28
78,35,-11.28
78,40,-11.28
78,45,-11.28
78,50,-11.28
78,55,-11.28
78,60,-11.28
78,65,-11.28
78,70,-11.28
78,75,-11.28
78,80,-11.28
78,85,-11.28
78,90,-11.28
78,95,-11.28
78,100,-11.28
78,105,-11.28
78,110,-11.28
78,115,-11.28
78,120,-11.28
78,125,-11.28
78,130,-11.28
78,135,-11.28
78,140,-11.28
78,145,-11.28
78,150,-11.28
78,155,-11.28
78,160,-11.28
78,165,-11.28
78,170,-11.28
78,175,-11.28
78,180,-11.28
78,185,-11.28
78,190,-11.28
78,195,-11.28
78,200,-11.28
78,205,-11.28
78,210,-11.28
78,215,-11.28
78,220,-11.28
78,225,-11.28
78,230,-11.28
78,235,-11.28
78,240,-11.28
78,245,-11.28
78,250,-11.28
78,255,-11.28
78,260,-11.28
78,265,-11.28
78,270,-11.28
78,275,-11.28
78,280,-11.28
78,285,-11.28
78,290,-11.28
78,295,-11.28
78,300,-11.28
78,305,-11.28
78,310,-11.28
78,315,-11.28
78,320,-11.28
78,325,-11.28
78,330,-11.28
78,335,-11.28
78,340,-11.28
78,345,-11.28
78,350,-11.28
78,355,-11.28
78,360,-11.28
80,0,-12.178
80,5,-12.178
80,10,-12.178
80,15,-12.178
80,20,-12.178
80,25,-12.178
80,30,-12.178
80,35,-12.178
80,40,-12.178
80,45,-12.178
80,50,-12.178
80,55,-12.178
80,60,-12.178
80,65,-12.178
80,70,-12.178
80,75,-12.178
80,80,-12.178
80,85,-12.178
80,90,-12.178
80,95,-12.178
80,100,-12.178
80,105,-12.178
80,110,-12.178
80,115,-12.178
80,120,-12.178
80,125,-12.178
80,130,-12.178
80,135,-12.178
80,140,-12.178
80,145,-12.178
80,150,-12.178
80,155,-12.178
80,160,-12.178
80,165,-12.178
80,170,-12.178
80,175,-12.178
80,180,-12.178
80,185,-12.178
80,190,-12.178
80,195,-12.178
80,200,-12.178
80,205,-12.178
80,210,-12.178
80,215,-12.178
80,220,-12.178
80,225,-12.178
80,230,-12.178
80,235,-12.178
80,240,-12.178
80,245,-12.178
80,250,-12.178
80,255,-12.178
80,260,-12.178
80,265,-12.178
80,270,-12.178
80,275,-12.178
80,280,-12.178
80,285,-12.178
80,290,-12.178
80,295,-12.178
80,300,-12.178
80,305,-12.178
80,310,-12.178
80,315,-12.178
80,320,-12.178
80,325,-12.178
80,330,-12.178
80,335,-12.178
80,340,-12.178
80,345,-12.178
80,350,-12.178
80,355,-12.178
80,360,-12.178
82,0,-13.098
82,5,-13.098
82,10,-13.098
82,15,-13.098
82,20,-13.098
82,25,-13.098
82,30,-13.098
82,35,-13.098
82,40,-13.098
82,45,-13.098
82,50,-13.098
82,55,-13.098
82,60,-13.098
82,65,-13.098
82,70,-13.098
82,75,-13.098
82,80,-13.098
82,85,-13.098
82,90,-13.098
82,95,-13.098
82,100,-13.098
82,105,-13.098
82,110,-13.098
82,115,-13.098
82,120,-13.098
82,125,-13.098
82,130,-13.098
82,135,-13.098
82,140,-13.098
82,145,-13.098
82,150,-13.098
82,155,-13.098
82,160,-13.098
82,165,-13.098
82,170,-13.098
82,175,-13.098
82,180,-13.098
82,185,-13.098
82,190,-13.098
82,195,-13.098
82,200,-13.098
82,205,-13.098
82,210,-13.098
82,215,-13.098
82,220,-13.098
82,225,-13.098
82,230,-13.098
82,235,-13.098
82,240,-13.098
82,245,-13.098
82,250,-13.098
82,255,-13.098
82,260,-13.098
82,265,-13.098
82,270,-13.098
82,275,-13.098
82,280,-13.098
82,285,-13.098
82,290,-13.098
82,295,-13.098
82,300,-13.098
82,305,-13.098
82,310,-13.098
82,315,-13.098
82,320,-13.098
82,325,-13.098
82,330,-13.098
82,335,-13.098
82,340,-13.098
82,345,-13.098
82,350,-13.098
82,355,-13.098
82,360,-13.098
84,0,-14.041
84,5,-14.041
84,10,-14.041
84,15,-14.041
84,20,-14.041
84,25,-14.041
84,30,-14.041
84,35,-14.041
84,40,-14.041
84,45,-14.041
84,50,-14.041
84,55,-14.041
84,60,-14.041
84,65,-14.041
84,70,-14.041
84,75,-14.041
84,80,-14.041
84,85,-14.041
84,90,-14.041
84,95,-14.041
84,100,-14.041
84,105,-14.041
84,110,-14.041
84,115,-14.041
84,120,-14.041
84,125,-14.041
84,130,-14.041
84,135,-14.041
84,140,-14.041
84,145,-14.041
84,150,-14.041
84,155,-14.041
84,160,-14.041
84,165,-14.041
84,170,-14.041
84,175,-14.041
84,180,-14.041
84,185,-14.041
84,190,-14.041
84,195,-14.041
84,200,-14.041
84,205,-14.041
84,210,-14.041
84,215,-14.041
84,220,-14.041
84,225,-14.041
84,230,-14.041
84,235,-14.041
84,240,-14.041
84,245,-14.041
84,250,-14.041
84,255,-14.041
84,260,-14.041
84,265,-14.041
84,270,-14.041
84,275,-14.041
84,280,-14.041
84,285,-14.041
84,290,-14.041
84,295,-14.041
84,300,-14.041
84,305,-14.041
84,310,-14.041
84,315,-14.041
84,320,-14.041
84,325,-14.041
84,330,-14.041
84,335,-14.041
84,340,-14.041
84,345,-14.041
84,350,-14.041
84,355,-14.041
84,360,-14.041
86,0,-15.006
86,5,-15.006
86,10,-15.006
86,15,-15.006
86,20,-15.006
86,25,-15.006
86,30,-15.006
86,35,-15.006
86,40,-15.006
86,45,-15.006
86,50,-15.006
86,55,-15.006
86,60,-15.006
86,65,-15.006
86,70,-15.006
86,75,-15.006
86,80,-15.006
86,85,-15.006
86,90,-15.006
86,95,-15.006
86,100,-15.006
86,105,-15.006
86,110,-15.006
86,115,-15.006
86,120,-15.006
86,125,-15.006
86,130,-15.006
86,135,-15.006
86,140,-15.006
86,145,-15.006
86,150,-15.006
86,155,-15.006
86,160,-15.006
86,165,-15.006
86,170,-15.006
86,175,-15.006
86,180,-15.006
86,185,-15.006
86,190,-15.006
86,195,-15.006
86,200,-15.006
86,205,-15.006
86,210,-15.006
86,215,-15.006
86,220,-15.006
86,225,-15.006
86,230,-15.006
86,235,-15.006
86,240,-15.006
86,245,-15.006
86,250,-15.006
86,255,-15.006
86,260,-15.006
86,265,-15.006
86,270,-15.006
86,275,-15.006
86,280,-15.006
86,285,-15.006
86,290,-15.006
86,295,-15.006
86,300,-15.006
86,305,-15.006
86,310,-15.006
86,315,-15.006
86,320,-15.006
86,325,-15.006
86,330,-15.006
86,335,-15.006
86,340,-15.006
86,345,-15.006
86,350,-15.006
86,355,-15.006
86,360,-15.006
88,0,-15.995
88,5,-15.995
88,10,-15.995
88,15,-15.995
88,20,-15.995
88,25,-15.995
88,30,-15.995
88,35,-15.995
88,40,-15.995
88,45,-15.995
88,50,-15.995
88,55,-15.995
88,60,-15.995
88,65,-15.995
88,70,-15.995
88,75,-15.995
88,80,-15.995
88,85,-15.995
88,90,-15.995
88,95,-15.995
88,100,-15.995
88,105,-15.995
88,110,-15.995
88,115,-15.995
88,120,-15.995
88,125,-15.995
88,130,-15.995
88,135,-15.995
88,140,-15.995
88,145,-15.995
88,150,-15.995
88,155,-15.995
88,160,-15.995
88,165,-15.995
88,170,-15.995
88,175,-15.995
88,180,-15.995
88,185,-15.995
88,190,-15.995
88,195,-15.995
88,200,-15.995
88,205,-15.995
88,210,-15.995
88,215,-15.995
88,220,-15.995
88,225,-15.995
88,230,-15.995
88,235,-15.995
88,240,-15.995
88,245,-15.995
88,250,-15.995
88,255,-15.995
88,260,-15.995
88,265,-15.995
88,270,-15.995
88,275,-15.995
88,280,-15.995
88,285,-15.995
88,290,-15.995
88,295,-15.995
88,300,-15.995
88,305,-15.995
88,310,-15.995
88,315,-15.995
88,320,-15.995
88,325,-15.995
88,330,-15.995
88,335,-15.995
88,340,-15.995
88,345,-15.995
88,350,-15.995
88,355,-15.995
88,360,-15.995
90,0,-17.006
90,5,-17.006
90,10,-17.006
90,15,-17.006
90,20,-17.006
90,25,-17.006
90,30,-17.006
90,35,-17.006
90,40,-17.006
90,45,-17.006
90,50,-17.006
90,55,-17.006
90,60,-17.006
90,65,-17.006
90,70,-17.006
90,75,-17.006
90,80,-17.006
90,85,-17.006
90,90,-17.006
90,95,-17.006
90,100,-17.006
90,105,-17.006
90,110,-17.006
90,115,-17.006
90,120,-17.006
90,125,-17.006
90,130,-17.006
90,135,-17.006
90,140,-17.006
90,145,-17.006
90,150,-17.006
90,155,-17.006
90,160,-17.006
90,165,-17.006
90,170,-17.006
90,175,-17.006
90,180,-17.006
90,185,-17.006
90,190,-17.006
90,195,-17.006
90,200,-17.006
90,205,-17.006
90,210,-17.006
90,215,-17.006
90,220,-17.006
90,225,-17.006
90,230,-17.006
90,235,-17.006
90,240,-17.006
90,245,-17.006
90,250,-17.006
90,255,-17.006
90,260,-17.006
90,265,-17.006
90,270,-17.006
90,275,-17.006
90,280,-17.006
90,285,-17.006
90,290,-17.006
90,295,-17.006
90,300,-17.006
90,305,-17.006
90,310,-17.006
90,315,-17.006
90,320,-17.006
90,325,-17.006
90,330,-17.006
90,335,-17.006
90,340,-17.006
90,345,-17.006
90,350,-17.006
90,355,-17.006
90,360,-17.006
92,0,-30
92,5,-30
92,10,-30
92,15,-30
92,20,-30
92,25,-30
92,30,-30
92,35,-30
92,40,-30
92,45,-30
92,50,-30
92,55,-30
92,60,-30
92,65,-30
92,70,-30
92,75,-30
92,80,-30
92,85,-30
92,90,-30
92,95,-30
92,100,-30
92,105,-30
92,110,-30
92,115,-30
92,120,-30
92,125,-30
92,130,-30
92,135,-30
92,140,-30
92,145,-30
92,150,-30
92,155,-30
92,160,-30
92,165,-30
92,170,-30
92,175,-30
92,180,-30
92,185,-30
92,190,-30
92,195,-30
92,200,-30
92,205,-30
92,210,-30
92,215,-30
92,220,-30
92,225,-30
92,230,-30
92,235,-30
92,240,-30
92,245,-30
92,250,-30
92,255,-30
92,260,-30
92,265,-30
92,270,-30
92,275,-30
92,280,-30
92,285,-30
92,290,-30
92,295,-30
92,300,-30
92,305,-30
92,310,-30
92,315,-30
92,320,-30
92,325,-30
92,330,-30
92,335,-30
92,340,-30
92,345,-30
92,350,-30
92,355,-30
92,360,-30
94,0,-30
94,5,-30
94,10,-30
94,15,-30
94,20,-30
94,25,-30
94,30,-30
94,35,-30
94,40,-30
94,45,-30
94,50,-30
94,55,-30
94,60,-30
94,65,-30
94,70,-30
94,75,-30
94,80,-30
94,85,-30
94,90,-30
94,95,-30
94,100,-30
94,105,-30
94,110,-30
94,115,-30
94,120,-30
94,125,-30
94,130,-30
94,135,-30
94,140,-30
94,145,-30
94,150,-30
94,155,-30
94,160,-30
94,165,-30
94,170,-30
94,175,-30
94,180,-30
94,185,-30
94,190,-30
94,195,-30
94,200,-30
94,205,-30
94,210,-30
94,215,-30
94,220,-30
94,225,-30
94,230,-30
94,235,-30
94,240,-30
94,245,-30
94,250,-30
94,255,-30
94,260,-30
94,265,-30
94,270,-30
94,275,-30
94,280,-30
94,285,-30
94,290,-30
94,295,-30
94,300,-30
94,305,-30
94,310,-30
94,315,-30
94,320,-30
94,325,-30
94,330,-30
94,335,-30
94,340,-30
94,345,-30
94,350,-30
94,355,-30
94,360,-30
96,0,-30
96,5,-30
96,10,-30
96,15,-30
96,20,-30
96,25,-30
96,30,-30
96,35,-30
96,40,-30
96,45,-30
96,50,-30
96,55,-30
96,60,-30
96,65,-30
96,70,-30
96,75,-30
96,80,-30
96,85,-30
96,90,-30
96,95,-30
96,100,-30
96,105,-30
96,110,-30
96,115,-30
96,120,-30
96,125,-30
96,130,-30
96,135,-30
96,140,-30
96,145,-30
96,150,-30
96,155,-30
96,160,-30
96,165,-30
96,170,-30
96,175,-30
96,180,-30
96,185,-30
96,190,-30
96,195,-30
96,200,-30
96,205,-30
96,210,-30
96,215,-30
96,220,-30
96,225,-30
96,230,-30
96,235,-30
96,240,-30
96,245,-30
96,250,-30
96,255,-30
96,260,-30
96,265,-30
96,270,-30
96,275,-30
96,280,-30
96,285,-30
96,290,-30
96,295,-30
96,300,-30
96,305,-30
96,310,-30
96,315,-30
96,320,-30
96,325,-30
96,330,-30
96,335,-30
96,340,-30
96,345,-30
96,350,-30
96,355,-30
96,360,-30
98,0,-30
98,5,-30
98,10,-30
98,15,-30
98,20,-30
98,25,-30
98,30,-30
98,35,-30
98,40,-30
98,45,-30
98,50,-30
98,55,-30
98,60,-30
98,65,-30
98,70,-30
98,75,-30
98,80,-30
98,85,-30
98,90,-30
98,95,-30
98,100,-30
98,105,-30
98,110,-30
98,115,-30
98,120,-30
98,125,-30
98,130,-30
98,135,-30
98,140,-30
98,145,-30
98,150,-30
98,155,-30
98,160,-30
98,165,-30
98,170,-30
98,175,-30
98,180,-30
98,185,-30
98,190,-30
98,195,-30
98,200,-30
98,205,-30
98,210,-30
98,215,-30
98,220,-30
98,225,-30
98,230,-30
98,235,-30
98,240,-30
98,245,-30
98,250,-30
98,255,-30
98,260,-30
98,265,-30
98,270,-30
98,275,-30
98,280,-30
98,285,-30
98,290,-30
98,295,-30
98,300,-30
98,305,-30
98,310,-30
98,315,-30
98,320,-30
98,325,-30
98,330,-30
98,335,-30
98,340,-30
98,345,-30
98,350,-30
98,355,-30
98,360,-30
100,0,-30
100,5,-30
100,10,-30
100,15,-30
100,20,-30
100,25,-30
100,30,-30
100,35,-30
100,40,-30
100,45,-30
100,50,-30
100,55,-30
100,60,-30
100,65,-30
100,70,-30
100,75,-30
100,80,-30
100,85,-30
100,90,-30
100,95,-30
100,100,-30
100,105,-30
100,110,-30
100,115,-30
100,120,-30
100,125,-30
100,130,-30
100,135,-30
100,140,-30
100,145,-30
100,150,-30
100,155,-30
100,160,-30
100,165,-30
100,170,-30
100,175,-30
100,180,-30
100,185,-30
100,190,-30
100,195,-30
100,200,-30
100,205,-30
100,210,-30
100,215,-30
100,220,-30
100,225,-30
100,230,-30
100,235,-30
100,240,-30
100,245,-30
100,250,-30
100,255,-30
100,260,-30
100,265,-30
100,270,-30
100,275,-30
100,280,-30
100,285,-30
100,290,-30
100,295,-30
100,300,-30
100,305,-30
100,310,-30
100,315,-30
100,320,-30
100,325,-30
100,330,-30
100,335,-30
100,340,-30
100,345,-30
100,350,-30
100,355,-30
100,360,-30
102,0,-30
102,5,-30
102,10,-30
102,15,-30
102,20,-30
102,25,-30
102,30,-30
102,35,-30
102,40,-30
102,45,-30
102,50,-30
102,55,-30
102,60,-30
102,65,-30
102,70,-30
102,75,-30
102,80,-30
102,85,-30
102,90,-30
102,95,-30
102,100,-30
102,105,-30
102,110,-30
102,115,-30
102,120,-30
102,125,-30
102,130,-30
102,135,-30
102,140,-30
102,145,-30
102,150,-30
102,155,-30
102,160,-30
102,165,-30
102,170,-30
102,175,-30
102,180,-30
102,185,-30
102,190,-30
102,195,-30
102,200,-30
102,205,-30
102,210,-30
102,215,-30
102,220,-30
102,225,-30
102,230,-30
102,235,-30
102,240,-30
102,245,-30
102,250,-30
102,255,-30
102,260,-30
102,265,-30
102,270,-30
102,275,-30
102,280,-30
102,285,-30
102,290,-30
102,295,-30
102,300,-30
102,305,-30
102,310,-30
102,315,-30
102,320,-30
102,325,-30
102,330,-30
102,335,-30
102,340,-30
102,345,-30
102,350,-30
102,355,-30
102,360,-30
104,0,-30
104,5,-30
104,10,-30
104,15,-30
104,20,-30
104,25,-30
104,30,-30
104,35,-30
104,40,-30
104,45,-30
104,50,-30
104,55,-30
104,60,-30
104,65,-30
104,70,-30
104,75,-30
104,80,-30
104,85,-30
104,90,-30
104,95,-30
104,100,-30
104,105,-30
104,110,-30
104,115,-30
104,120,-30
104,125,-30
104,130,-30
104,135,-30
104,140,-30
104,145,-30
104,150,-30
104,155,-30
104,160,-30
104,165,-30
104,170,-30
104,175,-30
104,180,-30
104,185,-30
104,190,-30
104,195,-30
104,200,-30
104,205,-30
104,210,-30
104,215,-30
104,220,-30
104,225,-30
104,230,-30
104,235,-30
104,240,-30
104,245,-30
104,250,-30
104,255,-30
104,260,-30
104,265,-30
104,270,-30
104,275,-30
104,280,-30
104,285,-30
104,290,-30
104,295,-30
104,300,-30
104,305,-30
104,310,-30
104,315,-30
104,320,-30
104,325,-30
104,330,-30
104,335,-30
104,340,-30
104,345,-30
104,350,-30
104,355,-30
104,360,-30
106,0,-30
106,5,-30
106,10,-30
106,15,-30
106,20,-30
106,25,-30
106,30,-30
106,35,-30
106,40,-30
106,45,-30
106,50,-30
106,55,-30
106,60,-30
106,65,-30
106,70,-30
106,75,-30
106,80,-30
106,85,-30
106,90,-30
106,95,-30
106,100,-30
106,105,-30
106,110,-30
106,115,-30
106,120,-30
106,125,-30
106,130,-30
106,135,-30
106,140,-30
106,145,-30
106,150,-30
106,155,-30
106,160,-30
106,165,-30
106,170,-30
106,175,-30
106,180,-30
106,185,-30
106,190,-30
106,195,-30
106,200,-30
106,205,-30
106,210,-30
106,215,-30
106,220,-30
106,225,-30
106,230,-30
106,235,-30
106,240,-30
106,245,-30
106,250,-30
106,255,-30
106,260,-30
106,265,-30
106,270,-30
106,275,-30
106,280,-30
106,285,-30
106,290,-30
106,295,-30
106,300,-30
106,305,-30
106,310,-30
106,315,-30
106,320,-30
106,325,-30
106,330,-30
106,335,-30
106,340,-30
106,345,-30
106,350,-30
106,355,-30
106,360,-30
108,0,-30
108,5,-30
108,10,-30
108,15,-30
108,20,-30
108,25,-30
108,30,-30
108,35,-30
108,40,-30
108,45,-30
108,50,-30
108,55,-30
108,60,-30
108,65,-30
108,70,-30
108,75,-30
108,80,-30
108,85,-30
108,90,-30
108,95,-30
108,100,-30
108,105,-30
108,110,-30
108,115,-30
108,120,-30
108,125,-30
108,130,-30
108,135,-30
108,140,-30
108,145,-30
108,150,-30
108,155,-30
108,160,-30
108,165,-30
108,170,-30
108,175,-30
108,180,-30
108,185,-30
108,190,-30
108,195,-30
108,200,-30
108,205,-30
108,210,-30
108,215,-30
108,220,-30
108,225,-30
108,230,-30
108,235,-30
108,240,-30
108,245,-30
108,250,-30
108,255,-30
108,260,-30
108,265,-30
108,270,-30
108,275,-30
108,280,-30
108,285,-30
108,290,-30
108,295,-30
108,300,-30
108,305,-30
108,310,-30
108,315,-30
108,320,-30
108,325,-30
108,330,-30
108,335,-30
108,340,-30
108,345,-30
108,350,-30
108,355,-30
108,360,-30
110,0,-30
110,5,-30
110,10,-30
110,15,-30
110,20,-30
110,25,-30
110,30,-30
110,35,-30
110,40,-30
110,45,-30
110,50,-30
110,55,-30
110,60,-30
110,65,-30
110,70,-30
110,75,-30
110,80,-30
110,85,-30
110,90,-30
110,95,-30
110,100,-30
110,105,-30
110,110,-30
110,115,-30
110,120,-30
110,125,-30
110,130,-30
110,135,-30
110,140,-30
110,145,-30
110,150,-30
110,155,-30
110,160,-30
110,165,-30
110,170,-30
110,175,-30
110,180,-30
110,185,-30
110,190,-30
110,195,-30
110,200,-30
110,205,-30
110,210,-30
110,215,-30
110,220,-30
110,225,-30
110,230,-30
110,235,-30
110,240,-30
110,245,-30
110,250,-30
110,255,-30
110,260,-30
110,265,-30
110,270,-30
110,275,-30
110,280,-30
110,285,-30
110,290,-30
110,295,-30
110,300,-30
110,305,-30
110,310,-30
110,315,-30
110,320,-30
110,325,-30
110,330,-30
110,335,-30
110,340,-30
110,345,-30
110,350,-30
110,355,-30
110,360,-30
112,0,-30
112,5,-30
112,10,-30
112,15,-30
112,20,-30
112,25,-30
112,30,-30
112,35,-30
112,40,-30
112,45,-30
112,50,-30
112,55,-30
112,60,-30
112,65,-30
112,70,-30
112,75,-30
112,80,-30
112,85,-30
112,90,-30
112,95,-30
112,100,-30
112,105,-30
112,110,-30
112,115,-30
112,120,-30
112,125,-30
112,130,-30
112,135,-30
112,140,-30
112,145,-30
112,150,-30
112,155,-30
112,160,-30
112,165,-30
112,170,-30
112,175,-30
112,180,-30
112,185,-30
112,190,-30
112,195,-30
112,200,-30
112,205,-30
112,210,-30
112,215,-30
112,220,-30
112,225,-30
112,230,-30
112,235,-30
112,240,-30
112,245,-30
112,250,-30
112,255,-30
112,260,-30
112,265,-30
112,270,-30
112,275,-30
112,280,-30
112,285,-30
112,290,-30
112,295,-30
112,300,-30
112,305,-30
112,310,-30
112,315,-30
112,320,-30
112,325,-30
112,330,-30
112,335,-30
112,340,-30
112,345,-30
112,350,-30
112,355,-30
112,360,-30
114,0,-30
114,5,-30
114,10,-30
114,15,-30
114,20,-30
114,25,-30
114,30,-30
114,35,-30
114,40,-30
114,45,-30
114,50,-30
114,55,-30
114,60,-30
114,65,-30
114,70,-30
114,75,-30
114,80,-30
114,85,-30
114,90,-30
114,95,-30
114,100,-30
114,105,-30
114,110,-30
114,115,-30
114,120,-30
114,125,-30
114,130,-30
114,135,-30
114,140,-30
114,145,-30
114,150,-30
114,155,-30
114,160,-30
114,165,-30
114,170,-30
114,175,-30
114,180,-30
114,185,-30
114,190,-30
114,195,-30
114,200,-30
114,205,-30
114,210,-30
114,215,-30
114,220,-30
114,225,-30
114,230,-30
114,235,-30
114,240,-30
114,245,-30
114,250,-30
114,255,-30
114,260,-30
114,265,-30
114,270,-30
114,275,-30
114,280,-30
114,285,-30
114,290,-30
114,295,-30
114,300,-30
114,305,-30
114,310,-30
114,315,-30
114,320,-30
114,325,-30
114,330,-30
114,335,-30
114,340,-30
114,345,-30
114,350,-30
114,355,-30
114,360,-30
116,0,-30
116,5,-30
116,10,-30
116,15,-30
116,20,-30
116,25,-30
116,30,-30
116,35,-30
116,40,-30
116,45,-30
116,50,-30
116,55,-30
116,60,-30
116,65,-30
116,70,-30
116,75,-30
116,80,-30
116,85,-30
116,90,-30
116,95,-30
116,100,-30
116,105,-30
116,110,-30
116,115,-30
116,120,-30
116,125,-30
116,130,-30
116,135,-30
116,140,-30
116,145,-30
116,150,-30
116,155,-30
116,160,-30
116,165,-30
116,170,-30
116,175,-30
116,180,-30
116,185,-30
116,190,-30
116,195,-30
116,200,-30
116,205,-30
116,210,-30
116,215,-30
116,220,-30
116,225,-30
116,230,-30
116,235,-30
116,240,-30
116,245,-30
116,250,-30
116,255,-30
116,260,-30
116,265,-30
116,270,-30
116,275,-30
116,280,-30
116,285,-30
116,290,-30
116,295,-30
116,300,-30
116,305,-30
116,310,-30
116,315,-30
116,320,-30
116,325,-30
116,330,-30
116,335,-30
116,340,-30
116,345,-30
116,350,-30
116,355,-30
116,360,-30
118,0,-30
118,5,-30
118,10,-30
118,15,-30
118,20,-30
118,25,-30
118,30,-30
118,35,-30
118,40,-30
118,45,-30
118,50,-30
118,55,-30
118,60,-30
118,65,-30
118,70,-30
118,75,-30
118,80,-30
118,85,-30
118,90,-30
118,95,-30
118,100,-30
118,105,-30
118,110,-30
118,115,-30
118,120,-30
118,125,-30
118,130,-30
118,135,-30
118,140,-30
118,145,-30
118,150,-30
118,155,-30
118,160,-30
118,165,-30
118,170,-30
118,175,-30
118,180,-30
118,185,-30
118,190,-30
118,195,-30
118,200,-30
118,205,-30
118,210,-30
118,215,-30
118,220,-30
118,225,-30
118,230,-30
118,235,-30
118,240,-30
118,245,-30
118,250,-30
118,255,-30
118,260,-30
118,265,-30
118,270,-30
118,275,-30
118,280,-30
118,285,-30
118,290,-30
118,295,-30
118,300,-30
118,305,-30
118,310,-30
118,315,-30
118,320,-30
118,325,-30
118,330,-30
118,335,-30
118,340,-30
118,345,-30
118,350,-30
118,355,-30
118,360,-30
120,0,-30
120,5,-30
120,10,-30
120,15,-30
120,20,-30
120,25,-30
120,30,-30
120,35,-30
120,40,-30
120,45,-30
120,50,-30
120,55,-30
120,60,-30
120,65,-30
120,70,-30
120,75,-30
120,80,-30
120,85,-30
120,90,-30
120,95,-30
120,100,-30
120,105,-30
120,110,-30
120,115,-30
120,120,-30
120,125,-30
120,130,-30
120,135,-30
120,140,-30
120,145,-30
120,150,-30
120,155,-30
120,160,-30
120,165,-30
120,170,-30
120,175,-30
120,180,-30
120,185,-30
120,190,-30
120,195,-30
120,200,-30
120,205,-30
120,210,-30
120,215,-30
120,220,-30
120,225,-30
120,230,-30
120,235,-30
120,240,-30
120,245,-30
120,250,-30
120,255,-30
120,260,-30
120,265,-30
120,270,-30
120,275,-30
120,280,-30
120,285,-30
120,290,-30
120,295,-30
120,300,-30
120,305,-30
120,310,-30
120,315,-30
120,320,-30
120,325,-30
120,330,-30
120,335,-30
120,340,-30
120,345,-30
120,350,-30
120,355,-30
120,360,-30
122,0,-30
122,5,-30
122,10,-30
122,15,-30
122,20,-30
122,25,-30
122,30,-30
122,35,-30
122,40,-30
122,45,-30
122,50,-30
122,55,-30
122,60,-30
122,65,-30
122,70,-30
122,75,-30
122,80,-30
122,85,-30
122,90,-30
122,95,-30
122,100,-30
122,105,-30
122,110,-30
122,115,-30
122,120,-30
122,125,-30
122,130,-30
122,135,-30
122,140,-30
122,145,-30
122,150,-30
122,155,-30
122,160,-30
122,165,-30
122,170,-30
122,175,-30
122,180,-30
122,185,-30
122,190,-30
122,195,-30
122,200,-30
122,205,-30
122,210,-30
122,215,-30
122,220,-30
122,225,-30
122,230,-30
122,235,-30
122,240,-30
122,245,-30
122,250,-30
122,255,-30
122,260,-30
122,265,-30
122,270,-30
122,275,-30
122,280,-30
122,285,-30
122,290,-30
122,295,-30
122,300,-30
122,305,-30
122,310,-30
122,315,-30
122,320,-30
122,325,-30
122,330,-30
122,335,-30
122,340,-30
122,345,-30
122,350,-30
122,355,-30
122,360,-30
124,0,-30
124,5,-30
124,10,-30
124,15,-30
124,20,-30
124,25,-30
124,30,-30
124,35,-30
124,40,-30
124,45,-30
124,50,-30
124,55,-30
124,60,-30
124,65,-30
124,70,-30
124,75,-30
124,80,-30
124,85,-30
124,90,-30
124,95,-30
124,100,-30
124,105,-30
124,110,-30
124,115,-30
124,120,-30
124,125,-30
124,130,-30
124,135,-30
124,140,-30
124,145,-30
124,150,-30
124,155,-30
124,160,-30
124,165,-30
124,170,-30
124,175,-30
124,180,-30
124,185,-30
124,190,-30
124,195,-30
124,200,-30
124,205,-30
124,210,-30
124,215,-30
124,220,-30
124,225,-30
124,230,-30
124,235,-30
124,240,-30
124,245,-30
124,250,-30
124,255,-30
124,260,-30
124,265,-30
124,270,-30
124,275,-30
124,280,-30
124,285,-30
124,290,-30
124,295,-30
124,300,-30
124,305,-30
124,310,-30
124,315,-30
124,320,-30
124,325,-30
124,330,-30
124,335,-30
124,340,-30
124,345,-30
124,350,-30
124,355,-30
124,360,-30
126,0,-30
126,5,-30
126,10,-30
126,15,-30
126,20,-30
126,25,-30
126,30,-30
126,35,-30
126,40,-30
126,45,-30
126,50,-30
126,55,-30
126,60,-30
126,65,-30
126,70,-30
126,75,-30
126,80,-30
126,85,-30
126,90,-30
126,95,-30
126,100,-30
126,105,-30
126,110,-30
126,115,-30
126,120,-30
126,125,-30
126,130,-30
126,135,-30
126,140,-30
126,145,-30
126,150,-30
126,155,-30
126,160,-30
126,165,-30
126,170,-30
126,175,-30
126,180,-30
126,185,-30
126,190,-30
126,195,-30
126,200,-30
126,205,-30
126,210,-30
126,215,-30
126,220,-30
126,225,-30
126,230,-30
126,235,-30
126,240,-30
126,245,-30
126,250,-30
126,255,-30
126,260,-30
126,265,-30
126,270,-30
126,275,-30
126,280,-30
126,285,-30
126,290,-30
126,295,-30
126,300,-30
126,305,-30
126,310,-30
126,315,-30
126,320,-30
126,325,-30
126,330,-30
126,335,-30
126,340,-30
126,345,-30
126,350,-30
126,355,-30
126,360,-30
128,0,-30
128,5,-30
128,10,-30
128,15,-30
128,20,-30
128,25,-30
128,30,-30
128,35,-30
128,40,-30
128,45,-30
128,50,-30
128,55,-30
128,60,-30
128,65,-30
128,70,-30
128,75,-30
128,80,-30
128,85,-30
128,90,-30
128,95,-30
128,100,-30
128,105,-30
128,110,-30
128,115,-30
128,120,-30
128,125,-30
128,130,-30
128,135,-30
128,140,-30
128,145,-30
128,150,-30
128,155,-30
128,160,-30
128,165,-30
128,170,-30
128,175,-30
128,180,-30
128,185,-30
128,190,-30
128,195,-30
128,200,-30
128,205,-30
128,210,-30
128,215,-30
128,220,-30
128,225,-30
128,230,-30
128,235,-30
128,240,-30
128,245,-30
128,250,-30
128,255,-30
128,260,-30
128,265,-30
128,270,-30
128,275,-30
128,280,-30
128,285,-30
128,290,-30
128,295,-30
128,300,-30
128,305,-30
128,310,-30
128,315,-30
128,320,-30
128,325,-30
128,330,-30
128,335,-30
128,340,-30
128,345,-30
128,350,-30
128,355,-30
128,360,-30
130,0,-30
130,5,-30
130,10,-30
130,15,-30
130,20,-30
130,25,-30
130,30,-30
130,35,-30
130,40,-30
130,45,-30
130,50,-30
130,55,-30
130,60,-30
130,65,-30
130,70,-30
130,75,-30
130,80,-30
130,85,-30
130,90,-30
130,95,-30
130,100,-30
130,105,-30
130,110,-30
130,115,-30
130,120,-30
130,125,-30
130,130,-30
130,135,-30
130,140,-30
130,145,-30
130,150,-30
130,155,-30
130,160,-30
130,165,-30
130,170,-30
130,175,-30
130,180,-30
130,185,-30
130,190,-30
130,195,-30
130,200,-30
130,205,-30
130,210,-30
130,215,-30
130,220,-30
130,225,-30
130,230,-30
130,235,-30
130,240,-30
130,245,-30
130,250,-30
130,255,-30
130,260,-30
130,265,-30
130,270,-30
130,275,-30
130,280,-30
130,285,-30
130,290,-30
130,295,-30
130,300,-30
130,305,-30
130,310,-30
130,315,-30
130,320,-30
130,325,-30
130,330,-30
130,335,-30
130,340,-30
130,345,-30
130,350,-30
130,355,-30
130,360,-30
132,0,-30
132,5,-30
132,10,-30
132,15,-30
132,20,-30
132,25,-30
132,30,-30
132,35,-30
132,40,-30
132,45,-30
132,50,-30
132,55,-30
132,60,-30
132,65,-30
132,70,-30
132,75,-30
132,80,-30
132,85,-30
132,90,-30
132,95,-30
132,100,-30
132,105,-30
132,110,-30
132,115,-30
132,120,-30
132,125,-30
132,130,-30
132,135,-30
132,140,-30
132,145,-30
132,150,-30
132,155,-30
132,160,-30
132,165,-30
132,170,-30
132,175,-30
132,180,-30
132,185,-30
132,190,-30
132,195,-30
132,200,-30
132,205,-30
132,210,-30
132,215,-30
132,220,-30
132,225,-30
132,230,-30
132,235,-30
132,240,-30
132,245,-30
132,250,-30
132,255,-30
132,260,-30
132,265,-30
132,270,-30
132,275,-30
132,280,-30
132,285,-30
132,290,-30
132,295,-30
132,300,-30
132,305,-30
132,310,-30
132,315,-30
132,320,-30
132,325,-30
132,330,-30
132,335,-30
132,340,-30
132,345,-30
132,350,-30
132,355,-30
132,360,-30
134,0,-30
134,5,-30
134,10,-30
134,15,-30
134,20,-30
134,25,-30
134,30,-30
134,35,-30
134,40,-30
134,45,-30
134,50,-30
134,55,-30
134,60,-30
134,65,-30
134,70,-30
134,75,-30
134,80,-30
134,85,-30
134,90,-30
134,95,-30
134,100,-30
134,105,-30
134,110,-30
134,115,-30
134,120,-30
134,125,-30
134,130,-30
134,135,-30
134,140,-30
134,145,-30
134,150,-30
134,155,-30
134,160,-30
134,165,-30
134,170,-30
134,175,-30
134,180,-30
134,185,-30
134,190,-30
134,195,-30
134,200,-30
134,205,-30
134,210,-30
134,215,-30
134,220,-30
134,225,-30
134,230,-30
134,235,-30
134,240,-30
134,245,-30
134,250,-30
134,255,-30
134,260,-30
134,265,-30
134,270,-30
134,275,-30
134,280,-30
134,285,-30
134,290,-30
134,295,-30
134,300,-30
134,305,-30
134,310,-30
134,315,-30
134,320,-30
134,325,-30
134,330,-30
134,335,-30
134,340,-30
134,345,-30
134,350,-30
134,355,-30
134,360,-30
136,0,-30
136,5,-30
136,10,-30
136,15,-30
136,20,-30
136,25,-30
136,30,-30
136,35,-30
136,40,-30
136,45,-30
136,50,-30
136,55,-30
136,60,-30
136,65,-30
136,70,-30
136,75,-30
136,80,-30
136,85,-30
136,90,-30
136,95,-30
136,100,-30
136,105,-30
136,110,-30
136,115,-30
136,120,-30
136,125,-30
136,130,-30
136,135,-30
136,140,-30
136,145,-30
136,150,-30
136,155,-30
136,160,-30
136,165,-30
136,170,-30
136,175,-30
136,180,-30
136,185,-30
136,190,-30
136,195,-30
136,200,-30
136,205,-30
136,210,-30
136,215,-30
136,220,-30
136,225,-30
136,230,-30
136,235,-30
136,240,-30
136,245,-30
136,250,-30
136,255,-30
136,260,-30
136,265,-30
136,270,-30
136,275,-30
136,280,-30
136,285,-30
136,290,-30
136,295,-30
136,300,-30
136,305,-30
136,310,-30
136,315,-30
136,320,-30
136,325,-30
136,330,-30
136,335,-30
136,340,-30
136,345,-30
136,350,-30
136,355,-30
136,360,-30
138,0,-30
138,5,-30
138,10,-30
138,15,-30
138,20,-30
138,25,-30
138,30,-30
138,35,-30
138,40,-30
138,45,-30
138,50,-30
138,55,-30
138,60,-30
138,65,-30
138,70,-30
138,75,-30
138,80,-30
138,85,-30
138,90,-30
138,95,-30
138,100,-30
138,105,-30
138,110,-30
138,115,-30
138,120,-30
138,125,-30
138,130,-30
138,135,-30
138,140,-30
138,145,-30
138,150,-30
138,155,-30
138,160,-30
138,165,-30
138,170,-30
138,175,-30
138,180,-30
138,185,-30
138,190,-30
138,195,-30
138,200,-30
138,205,-30
138,210,-30
138,215,-30
138,220,-30
138,225,-30
138,230,-30
138,235,-30
138,240,-30
138,245,-30
138,250,-30
138,255,-30
138,260,-30
138,265,-30
138,270,-30
138,275,-30
138,280,-30
138,285,-30
138,290,-30
138,295,-30
138,300,-30
138,305,-30
138,310,-30
138,315,-30
138,320,-30
138,325,-30
138,330,-30
138,335,-30
138,340,-30
138,345,-30
138,350,-30
138,355,-30
138,360,-30
140,0,-30
140,5,-30
140,10,-30
140,15,-30
140,20,-30
140,25,-30
140,30,-30
140,35,-30
140,40,-30
140,45,-30
140,50,-30
140,55,-30
140,60,-30
140,65,-30
140,70,-30
140,75,-30
140,80,-30
140,85,-30
140,90,-30
140,95,-30
140,100,-30
140,105,-30
140,110,-30
140,115,-30
140,120,-30
140,125,-30
140,130,-30
140,135,-30
140,140,-30
140,145,-30
140,150,-30
140,155,-30
140,160,-30
140,165,-30
140,170,-30
140,175,-30
140,180,-30
140,185,-30
140,190,-30
140,195,-30
140,200,-30
140,205,-30
140,210,-30
140,215,-30
140,220,-30
140,225,-30
140,230,-30
140,235,-30
140,240,-30
140,245,-30
140,250,-30
140,255,-30
140,260,-30
140,265,-30
140,270,-30
140,275,-30
140,280,-30
140,285,-30
140,290,-30
140,295,-30
140,300,-30
140,305,-30
140,310,-30
140,315,-30
140,320,-30
140,325,-30
140,330,-30
140,335,-30
140,340,-30
140,345,-30
140,350,-30
140,355,-30
140,360,-30
142,0,-30
142,5,-30
142,10,-30
142,15,-30
142,20,-30
142,25,-30
142,30,-30
142,35,-30
142,40,-30
142,45,-30
142,50,-30
142,55,-30
142,60,-30
142,65,-30
142,70,-30
142,75,-30
142,80,-30
142,85,-30
142,90,-30
142,95,-30
142,100,-30
142,105,-30
142,110,-30
142,115,-30
142,120,-30
142,125,-30
142,130,-30
142,135,-30
142,140,-30
142,145,-30
142,150,-30
142,155,-30
142,160,-30
142,165,-30
142,170,-30
142,175,-30
142,180,-30
142,185,-30
142,190,-30
142,195,-30
142,200,-30
142,205,-30
142,210,-30
142,215,-30
142,220,-30
142,225,-30
142,230,-30
142,235,-30
142,240,-30
142,245,-30
142,250,-30
142,255,-30
142,260,-30
142,265,-30
142,270,-30
142,275,-30
142,280,-30
142,285,-30
142,290,-30
142,295,-30
142,300,-30
142,305,-30
142,310,-30
142,315,-30
142,320,-30
142,325,-30
142,330,-30
142,335,-30
142,340,-30
142,345,-30
142,350,-30
142,355,-30
142,360,-30
144,0,-30
144,5,-30
144,10,-30
144,15,-30
144,20,-30
144,25,-30
144,30,-30
144,35,-30
144,40,-30
144,45,-30
144,50,-30
144,55,-30
144,60,-30
144,65,-30
144,70,-30
144,75,-30
144,80,-30
144,85,-30
144,90,-30
144,95,-30
144,100,-30
144,105,-30
144,110,-30
144,115,-30
144,120,-30
144,125,-30
144,130,-30
144,135,-30
144,140,-30
144,145,-30
144,150,-30
144,155,-30
144,160,-30
144,165,-30
144,170,-30
144,175,-30
144,180,-30
144,185,-30
144,190,-30
144,195,-30
144,200,-30
144,205,-30
144,210,-30
144,215,-30
144,220,-30
144,225,-30
144,230,-30
144,235,-30
144,240,-30
144,245,-30
144,250,-30
144,255,-30
144,260,-30
144,265,-30
144,270,-30
144,275,-30
144,280,-30
144,285,-30
144,290,-30
144,295,-30
144,300,-30
144,305,-30
144,310,-30
144,315,-30
144,320,-30
144,325,-30
144,330,-30
144,335,-30
144,340,-30
144,345,-30
144,350,-30
144,355,-30
144,360,-30
146,0,-30
146,5,-30
146,10,-30
146,15,-30
146,20,-30
146,25,-30
146,30,-30
146,35,-30
146,40,-30
146,45,-30
146,50,-30
146,55,-30
146,60,-30
146,65,-30
146,70,-30
146,75,-30
146,80,-30
146,85,-30
146,90,-30
146,95,-30
146,100,-30
146,105,-30
146,110,-30
146,115,-30
146,120,-30
146,125,-30
146,130,-30
146,135,-30
146,140,-30
146,145,-30
146,150,-30
146,155,-30
146,160,-30
146,165,-30
146,170,-30
146,175,-30
146,180,-30
146,185,-30
146,190,-30
146,195,-30
146,200,-30
146,205,-30
146,210,-30
146,215,-30
146,220,-30
146,225,-30
146,230,-30
146,235,-30
146,240,-30
146,245,-30
146,250,-30
146,255,-30
146,260,-30
146,265,-30
146,270,-30
146,275,-30
146,280,-30
146,285,-30
146,290,-30
146,295,-30
146,300,-30
146,305,-30
146,310,-30
146,315,-30
146,320,-30
146,325,-30
146,330,-30
146,335,-30
146,340,-30
146,345,-30
146,350,-30
146,355,-30
146,360,-30
148,0,-30
148,5,-30
148,10,-30
148,15,-30
148,20,-30
148,25,-30
148,30,-30
148,35,-30
148,40,-30
148,45,-30
148,50,-30
148,55,-30
148,60,-30
148,65,-30
148,70,-30
148,75,-30
148,80,-30
148,85,-30
148,90,-30
148,95,-30
148,100,-30
148,105,-30
148,110,-30
148,115,-30
148,120,-30
148,125,-30
148,130,-30
148,135,-30
148,140,-30
148,145,-30
148,150,-30
148,155,-30
148,160,-30
148,165,-30
148,170,-30
148,175,-30
148,180,-30
148,185,-30
148,190,-30
148,195,-30
148,200,-30
148,205,-30
148,210,-30
148,215,-30
148,220,-30
148,225,-30
148,230,-30
148,235,-30
148,240,-30
148,245,-30
148,250,-30
148,255,-30
148,260,-30
148,265,-30
148,270,-30
148,275,-30
148,280,-30
148,285,-30
148,290,-30
148,295,-30
148,300,-30
148,305,-30
148,310,-30
148,315,-30
148,320,-30
148,325,-30
148,330,-30
148,335,-30
148,340,-30
148,345,-30
148,350,-30
148,355,-30
148,360,-30
150,0,-30
150,5,-30
150,10,-30
150,15,-30
150,20,-30
150,25,-30
150,30,-30
150,35,-30
150,40,-30
150,45,-30
150,50,-30
150,55,-30
150,60,-30
150,65,-30
150,70,-30
150,75,-30
150,80,-30
150,85,-30
150,90,-30
150,95,-30
150,100,-30
150,105,-30
150,110,-30
150,115,-30
150,120,-30
150,125,-30
150,130,-30
150,135,-30
150,140,-30
150,145,-30
150,150,-30
150,155,-30
150,160,-30
150,165,-30
150,170,-30
150,175,-30
150,180,-30
150,185,-30
150,190,-30
150,195,-30
150,200,-30
150,205,-30
150,210,-30
150,215,-30
150,220,-30
150,225,-30
150,230,-30
150,235,-30
150,240,-30
150,245,-30
150,250,-30
150,255,-30
150,260,-30
150,265,-30
150,270,-30
150,275,-30
150,280,-30
150,285,-30
150,290,-30
150,295,-30
150,300,-30
150,305,-30
150,310,-30
150,315,-30
150,320,-30
150,325,-30
150,330,-30
150,335,-30
150,340,-30
150,345,-30
150,350,-30
150,355,-30
150,360,-30
152,0,-30
152,5,-30
152,10,-30
152,15,-30
152,20,-30
152,25,-30
152,30,-30
152,35,-30
152,40,-30
152,45,-30
152,50,-30
152,55,-30
152,60,-30
152,65,-30
152,70,-30
152,75,-30
152,80,-30
152,85,-30
152,90,-30
152,95,-30
152,100,-30
152,105,-30
152,110,-30
152,115,-30
152,120,-30
152,125,-30
152,130,-30
152,135,-30
152,140,-30
152,145,-30
152,150,-30
152,155,-30
152,160,-30
152,165,-30
152,170,-30
152,175,-30
152,180,-30
152,185,-30
152,190,-30
152,195,-30
152,200,-30
152,205,-30
152,210,-30
152,215,-30
152,220,-30
152,225,-30
152,230,-30
152,235,-30
152,240,-30
152,245,-30
152,250,-30
152,255,-30
152,260,-30
152,265,-30
152,270,-30
152,275,-30
152,280,-30
152,285,-30
152,290,-30
152,295,-30
152,300,-30
152,305,-30
152,310,-30
152,315,-30
152,320,-30
152,325,-30
152,330,-30
152,335,-30
152,340,-30
152,345,-30
152,350,-30
152,355,-30
152,360,-30
154,0,-30
154,5,-30
154,10,-30
154,15,-30
154,20,-30
154,25,-30
154,30,-30
154,35,-30
154,40,-30
154,45,-30
154,50,-30
154,55,-30
154,60,-30
154,65,-30
154,70,-30
154,75,-30
154,80,-30
154,85,-30
154,90,-30
154,95,-30
154,100,-30
154,105,-30
154,110,-30
154,115,-30
154,120,-30
154,125,-30
154,130,-30
154,135,-30
154,140,-30
154,145,-30
154,150,-30
154,155,-30
154,160,-30
154,165,-30
154,170,-30
154,175,-30
154,180,-30
154,185,-30
154,190,-30
154,195,-30
154,200,-30
154,205,-30
154,210,-30
154,215,-30
154,220,-30
154,225,-30
154,230,-30
154,235,-30
154,240,-30
154,245,-30
154,250,-30
154,255,-30
154,260,-30
154,265,-30
154,270,-30
154,275,-30
154,280,-30
154,285,-30
154,290,-30
154,295,-30
154,300,-30
154,305,-30
154,310,-30
154,315,-30
154,320,-30
154,325,-30
154,330,-30
154,335,-30
154,340,-30
154,345,-30
154,350,-30
154,355,-30
154,360,-30
156,0,-30
156,5,-30
156,10,-30
156,15,-30
156,20,-30
156,25,-30
156,30,-30
156,35,-30
156,40,-30
156,45,-30
156,50,-30
156,55,-30
156,60,-30
156,65,-30
156,70,-30
156,75,-30
156,80,-30
156,85,-30
156,90,-30
156,95,-30
156,100,-30
156,105,-30
156,110,-30
156,115,-30
156,120,-30
156,125,-30
156,130,-30
156,135,-30
156,140,-30
156,145,-30
156,150,-30
156,155,-30
156,160,-30
156,165,-30
156,170,-30
156,175,-30
156,180,-30
156,185,-30
156,190,-30
156,195,-30
156,200,-30
156,205,-30
156,210,-30
156,215,-30
156,220,-30
156,225,-30
156,230,-30
156,235,-30
156,240,-30
156,245,-30
156,250,-30
156,255,-30
156,260,-30
156,265,-30
156,270,-30
156,275,-30
156,280,-30
156,285,-30
156,290,-30
156,295,-30
156,300,-30
156,305,-30
156,310,-30
156,315,-30
156,320,-30
156,325,-30
156,330,-30
156,335,-30
156,340,-30
156,345,-30
156,350,-30
156,355,-30
156,360,-30
158,0,-30
158,5,-30
158,10,-30
158,15,-30
158,20,-30
158,25,-30
158,30,-30
158,35,-30
158,40,-30
158,45,-30
158,50,-30
158,55,-30
158,60,-30
158,65,-30
158,70,-30
158,75,-30
158,80,-30
158,85,-30
158,90,-30
158,95,-30
158,100,-30
158,105,-30
158,110,-30
158,115,-30
158,120,-30
158,125,-30
158,130,-30
158,135,-30
158,140,-30
158,145,-30
158,150,-30
158,155,-30
158,160,-30
158,165,-30
158,170,-30
158,175,-30
158,180,-30
158,185,-30
158,190,-30
158,195,-30
158,200,-30
158,205,-30
158,210,-30
158,215,-30
158,220,-30
158,225,-30
158,230,-30
158,235,-30
158,240,-30
158,245,-30
158,250,-30
158,255,-30
158,260,-30
158,265,-30
158,270,-30
158,275,-30
158,280,-30
158,285,-30
158,290,-30
158,295,-30
158,300,-30
158,305,-30
158,310,-30
158,315,-30
158,320,-30
158,325,-30
158,330,-30
158,335,-30
158,340,-30
158,345,-30
158,350,-30
158,355,-30
158,360,-30
160,0,-30
160,5,-30
160,10,-30
160,15,-30
160,20,-30
160,25,-30
160,30,-30
160,35,-30
160,40,-30
160,45,-30
160,50,-30
160,55,-30
160,60,-30
160,65,-30
160,70,-30
160,75,-30
160,80,-30
160,85,-30
160,90,-30
160,95,-30
160,100,-30
160,105,-30
160,110,-30
160,115,-30
160,120,-30
160,125,-30
160,130,-30
160,135,-30
160,140,-30
160,145,-30
160,150,-30
160,155,-30
160,160,-30
160,165,-30
160,170,-30
160,175,-30
160,180,-30
160,185,-30
160,190,-30
160,195,-30
160,200,-30
160,205,-30
160,210,-30
160,215,-30
160,220,-30
160,225,-30
160,230,-30
160,235,-30
160,240,-30
160,245,-30
160,250,-30
160,255,-30
160,260,-30
160,265,-30
160,270,-30
160,275,-30
160,280,-30
160,285,-30
160,290,-30
160,295,-30
160,300,-30
160,305,-30
160,310,-30
160,315,-30
160,320,-30
160,325,-30
160,330,-30
160,335,-30
160,340,-30
160,345,-30
160,350,-30
160,355,-30
160,360,-30
162,0,-30
162,5,-30
162,10,-30
162,15,-30
162,20,-30
162,25,-30
162,30,-30
162,35,-30
162,40,-30
162,45,-30
162,50,-30
162,55,-30
162,60,-30
162,65,-30
162,70,-30
162,75,-30
162,80,-30
162,85,-30
162,90,-30
162,95,-30
162,100,-30
162,105,-30
162,110,-30
162,115,-30
162,120,-30
162,125,-30
162,130,-30
162,135,-30
162,140,-30
162,145,-30
162,150,-30
162,155,-30
162,160,-30
162,165,-30
162,170,-30
162,175,-30
162,180,-30
162,185,-30
162,190,-30
162,195,-30
162,200,-30
162,205,-30
162,210,-30
162,215,-30
162,220,-30
162,225,-30
162,230,-30
162,235,-30
162,240,-30
162,245,-30
162,250,-30
162,255,-30
162,260,-30
162,265,-30
162,270,-30
162,275,-30
162,280,-30
162,285,-30
162,290,-30
162,295,-30
162,300,-30
162,305,-30
162,310,-30
162,315,-30
162,320,-30
162,325,-30
162,330,-30
162,335,-30
162,340,-30
162,345,-30
162,350,-30
162,355,-30
162,360,-30
164,0,-30
164,5,-30
164,10,-30
164,15,-30
164,20,-30
164,25,-30
164,30,-30
164,35,-30
164,40,-30
164,45,-30
164,50,-30
164,55,-30
164,60,-30
164,65,-30
164,70,-30
164,75,-30
164,80,-30
164,85,-30
164,90,-30
164,95,-30
164,100,-30
164,105,-30
164,110,-30
164,115,-30
164,120,-30
164,125,-30
164,130,-30
164,135,-30
164,140,-30
164,145,-30
164,150,-30
164,155,-30
164,160,-30
164,165,-30
164,170,-30
164,175,-30
164,180,-30
164,185,-30
164,190,-30
164,195,-30
164,200,-30
164,205,-30
164,210,-30
164,215,-30
164,220,-30
164,225,-30
164,230,-30
164,235,-30
164,240,-30
164,245,-30
164,250,-30
164,255,-30
164,260,-30
164,265,-30
164,270,-30
164,275,-30
164,280,-30
164,285,-30
164,290,-30
164,295,-30
164,300,-30
164,305,-30
164,310,-30
164,315,-30
164,320,-30
164,325,-30
164,330,-30
164,335,-30
164,340,-30
164,345,-30
164,350,-30
164,355,-30
164,360,-30
166,0,-30
166,5,-30
166,10,-30
166,15,-30
166,20,-30
166,25,-30
166,30,-30
166,35,-30
166,40,-30
166,45,-30
166,50,-30
166,55,-30
166,60,-30
166,65,-30
166,70,-30
166,75,-30
166,80,-30
166,85,-30
166,90,-30
166,95,-30
166,100,-30
166,105,-30
166,110,-30
166,115,-30
166,120,-30
166,125,-30
166,130,-30
166,135,-30
166,140,-30
166,145,-30
166,150,-30
166,155,-30
166,160,-30
166,165,-30
166,170,-30
166,175,-30
166,180,-30
166,185,-30
166,190,-30
166,195,-30
166,200,-30
166,205,-30
166,210,-30
166,215,-30
166,220,-30
166,225,-30
166,230,-30
166,235,-30
166,240,-30
166,245,-30
166,250,-30
166,255,-30
166,260,-30
166,265,-30
166,270,-30
166,275,-30
166,280,-30
166,285,-30
166,290,-30
166,295,-30
166,300,-30
166,305,-30
166,310,-30
166,315,-30
166,320,-30
166,325,-30
166,330,-30
166,335,-30
166,340,-30
166,345,-30
166,350,-30
166,355,-30
166,360,-30
168,0,-30
168,5,-30
168,10,-30
168,15,-30
168,20,-30
168,25,-30
168,30,-30
168,35,-30
168,40,-30
168,45,-30
168,50,-30
168,55,-30
168,60,-30
168,65,-30
168,70,-30
168,75,-30
168,80,-30
168,85,-30
168,90,-30
168,95,-30
168,100,-30
168,105,-30
168,110,-30
168,115,-30
168,120,-30
168,125,-30
168,130,-30
168,135,-30
168,140,-30
168,145,-30
168,150,-30
168,155,-30
168,160,-30
168,165,-30
168,170,-30
168,175,-30
168,180,-30
168,185,-30
168,190,-30
168,195,-30
168,200,-30
168,205,-30
168,210,-30
168,215,-30
168,220,-30
168,225,-30
168,230,-30
168,235,-30
168,240,-30
168,245,-30
168,250,-30
168,255,-30
168,260,-30
168,265,-30
168,270,-30
168,275,-30
168,280,-30
168,285,-30
168,290,-30
168,295,-30
168,300,-30
168,305,-30
168,310,-30
168,315,-30
168,320,-30
168,325,-30
168,330,-30
168,335,-30
168,340,-30
168,345,-30
168,350,-30
168,355,-30
168,360,-30
170,0,-30
170,5,-30
170,10,-30
170,15,-30
170,20,-30
170,25,-30
170,30,-30
170,35,-30
170,40,-30
170,45,-30
170,50,-30
170,55,-30
170,60,-30
170,65,-30
170,70,-30
170,75,-30
170,80,-30
170,85,-30
170,90,-30
170,95,-30
170,100,-30
170,105,-30
170,110,-30
170,115,-30
170,120,-30
170,125,-30
170,130,-30
170,135,-30
170,140,-30
170,145,-30
170,150,-30
170,155,-30
170,160,-30
170,165,-30
170,170,-30
170,175,-30
170,180,-30
170,185,-30
170,190,-30
170,195,-30
170,200,-30
170,205,-30
170,210,-30
170,215,-30
170,220,-30
170,225,-30
170,230,-30
170,235,-30
170,240,-30
170,245,-30
170,250,-30
170,255,-30
170,260,-30
170,265,-30
170,270,-30
170,275,-30
170,280,-30
170,285,-30
170,290,-30
170,295,-30
170,300,-30
170,305,-30
170,310,-30
170,315,-30
170,320,-30
170,325,-30
170,330,-30
170,335,-30
170,340,-30
170,345,-30
170,350,-30
170,355,-30
170,360,-30
172,0,-30
172,5,-30
172,10,-30
172,15,-30
172,20,-30
172,25,-30
172,30,-30
172,35,-30
172,40,-30
172,45,-30
172,50,-30
172,55,-30
172,60,-30
172,65,-30
172,70,-30
172,75,-30
172,80,-30
172,85,-30
172,90,-30
172,95,-30
172,100,-30
172,105,-30
172,110,-30
172,115,-30
172,120,-30
172,125,-30
172,130,-30
172,135,-30
172,140,-30
172,145,-30
172,150,-30
172,155,-30
172,160,-30
172,165,-30
172,170,-30
172,175,-30
172,180,-30
172,185,-30
172,190,-30
172,195,-30
172,200,-30
172,205,-30
172,210,-30
172,215,-30
172,220,-30
172,225,-30
172,230,-30
172,235,-30
172,240,-30
172,245,-30
172,250,-30
172,255,-30
172,260,-30
172,265,-30
172,270,-30
172,275,-30
172,280,-30
172,285,-30
172,290,-30
172,295,-30
172,300,-30
172,305,-30
172,310,-30
172,315,-30
172,320,-30
172,325,-30
172,330,-30
172,335,-30
172,340,-30
172,345,-30
172,350,-30
172,355,-30
172,360,-30
174,0,-30
174,5,-30
174,10,-30
174,15,-30
174,20,-30
174,25,-30
174,30,-30
174,35,-30
174,40,-30
174,45,-30
174,50,-30
174,55,-30
174,60,-30
174,65,-30
174,70,-30
174,75,-30
174,80,-30
174,85,-30
174,90,-30
174,95,-30
174,100,-30
174,105,-30
174,110,-30
174,115,-30
174,120,-30
174,125,-30
174,130,-30
174,135,-30
174,140,-30
174,145,-30
174,150,-30
174,155,-30
174,160,-30
174,165,-30
174,170,-30
174,175,-30
174,180,-30
174,185,-30
174,190,-30
174,195,-30
174,200,-30
174,205,-30
174,210,-30
174,215,-30
174,220,-30
174,225,-30
174,230,-30
174,235,-30
174,240,-30
174,245,-30
174,250,-30
174,255,-30
174,260,-30
174,265,-30
174,270,-30
174,275,-30
174,280,-30
174,285,-30
174,290,-30
174,295,-30
174,300,-30
174,305,-30
174,310,-30
174,315,-30
174,320,-30
174,325,-30
174,330,-30
174,335,-30
174,340,-30
174,345,-30
174,350,-30
174,355,-30
174,360,-30
176,0,-30
176,5,-30
176,10,-30
176,15,-30
176,20,-30
176,25,-30
176,30,-30
176,35,-30
176,40,-30
176,45,-30
176,50,-30
176,55,-30
176,60,-30
176,65,-30
176,70,-30
176,75,-30
176,80,-30
176,85,-30
176,90,-30
176,95,-30
176,100,-30
176,105,-30
176,110,-30
176,115,-30
176,120,-30
176,125,-30
176,130,-30
176,135,-30
176,140,-30
176,145,-30
176,150,-30
176,155,-30
176,160,-30
176,165,-30
176,170,-30
176,175,-30
176,180,-30
176,185,-30
176,190,-30
176,195,-30
176,200,-30
176,205,-30
176,210,-30
176,215,-30
176,220,-30
176,225,-30
176,230,-30
176,235,-30
176,240,-30
176,245,-30
176,250,-30
176,255,-30
176,260,-30
176,265,-30
176,270,-30
176,275,-30
176,280,-30
176,285,-30
176,290,-30
176,295,-30
176,300,-30
176,305,-30
176,310,-30
176,315,-30
176,320,-30
176,325,-30
176,330,-30
176,335,-30
176,340,-30
176,345,-30
176,350,-30
176,355,-30
176,360,-30
178,0,-30
178,5,-30
178,10,-30
178,15,-30
178,20,-30
178,25,-30
178,30,-30
178,35,-30
178,40,-30
178,45,-30
178,50,-30
178,55,-30
178,60,-30
178,65,-30
178,70,-30
178,75,-30
178,80,-30
178,85,-30
178,90,-30
178,95,-30
178,100,-30
178,105,-30
178,110,-30
178,115,-30
178,120,-30
178,125,-30
178,130,-30
178,135,-30
178,140,-30
178,145,-30
178,150,-30
178,155,-30
178,160,-30
178,165,-30
178,170,-30
178,175,-30
178,180,-30
178,185,-30
178,190,-30
178,195,-30
178,200,-30
178,205,-30
178,210,-30
178,215,-30
178,220,-30
178,225,-30
178,230,-30
178,235,-30
178,240,-30
178,245,-30
178,250,-30
178,255,-30
178,260,-30
178,265,-30
178,270,-30
178,275,-30
178,280,-30
178,285,-30
178,290,-30
178,295,-30
178,300,-30
178,305,-30
178,310,-30
178,315,-30
178,320,-30
178,325,-30
178,330,-30
178,335,-30
178,340,-30
178,345,-30
178,350,-30
178,355,-30
178,360,-30
180,0,-30
180,5,-30
180,10,-30
180,15,-30
180,20,-30
180,25,-30
180,30,-30
180,35,-30
180,40,-30
180,45,-30
180,50,-30
180,55,-30
180,60,-30
180,65,-30
180,70,-30
180,75,-30
180,80,-30
180,85,-30
180,90,-30
180,95,-30
180,100,-30
180,105,-30
180,110,-30
180,115,-30
180,120,-30
180,125,-30
180,130,-30
180,135,-30
180,140,-30
180,145,-30
180,150,-30
180,155,-30
180,160,-30
180,165,-30
180,170,-30
180,175,-30
180,180,-30
180,185,-30
180,190,-30
180,195,-30
180,200,-30
180,205,-30
180,210,-30
180,215,-30
180,220,-30
180,225,-30
180,230,-30
180,235,-30
180,240,-30
180,245,-30
180,250,-30
180,255,-30
180,260,-30
180,265,-30
180,270,-30
180,275,-30
180,280,-30
180,285,-30
180,290,-30
180,295,-30
180,300,-30
180,305,-30
180,310,-30
180,315,-30
180,320,-30
180,325,-30
180,330,-30
180,335,-30
180,340,-30
180,345,-30
180,350,-30
180,355,-30
180,360,-30
